candidate,family,onnx_exportable,contamination,fold,n_samples,anomaly_count,roc_auc,pr_auc,precision,recall,f1,false_positive_rate,brier,ece,threshold,per_fraud_type_recall,per_severity_recall
autoencoder_dl,dl,False,0.05,1,500,75,0.0,0.080059,0.15,1.0,0.26087,1.0,0.860806,0.866529,-13249407.0,"{'EXTREME_YOY_COLLAPSE': {'count': 10, 'recall': 1.0}, 'FUEL_PRICE_INVOICE_FRAUD': {'count': 12, 'recall': 1.0}, 'SCOPE1_UNDERREPORTING_FRAUD': {'count': 9, 'recall': 1.0}, 'SCOPE2_ELECTRICITY_MISMATCH': {'count': 20, 'recall': 1.0}, 'SCOPE_MATH_DISCREPANCY': {'count': 15, 'recall': 1.0}, 'SECTOR_INTENSITY_ANOMALY': {'count': 9, 'recall': 1.0}}","{'mild': {'count': 18, 'recall': 1.0}, 'moderate': {'count': 36, 'recall': 1.0}, 'strong': {'count': 21, 'recall': 1.0}}"
copod,ml,False,0.05,1,500,75,0.129443,0.085188,0.15,1.0,0.26087,1.0,0.536895,0.624847,-39.34483692,"{'EXTREME_YOY_COLLAPSE': {'count': 10, 'recall': 1.0}, 'FUEL_PRICE_INVOICE_FRAUD': {'count': 12, 'recall': 1.0}, 'SCOPE1_UNDERREPORTING_FRAUD': {'count': 9, 'recall': 1.0}, 'SCOPE2_ELECTRICITY_MISMATCH': {'count': 20, 'recall': 1.0}, 'SCOPE_MATH_DISCREPANCY': {'count': 15, 'recall': 1.0}, 'SECTOR_INTENSITY_ANOMALY': {'count': 9, 'recall': 1.0}}","{'mild': {'count': 18, 'recall': 1.0}, 'moderate': {'count': 36, 'recall': 1.0}, 'strong': {'count': 21, 'recall': 1.0}}"
deep_svdd_dl,dl,False,0.05,1,500,75,0.8,0.827573,1.0,0.8,0.888889,0.0,0.856272,0.85973,-1298228736.0,"{'EXTREME_YOY_COLLAPSE': {'count': 10, 'recall': 1.0}, 'FUEL_PRICE_INVOICE_FRAUD': {'count': 12, 'recall': 1.0}, 'SCOPE1_UNDERREPORTING_FRAUD': {'count': 9, 'recall': 1.0}, 'SCOPE2_ELECTRICITY_MISMATCH': {'count': 20, 'recall': 1.0}, 'SCOPE_MATH_DISCREPANCY': {'count': 15, 'recall': 0.0}, 'SECTOR_INTENSITY_ANOMALY': {'count': 9, 'recall': 1.0}}","{'mild': {'count': 18, 'recall': 0.9444444444444444}, 'moderate': {'count': 36, 'recall': 0.6944444444444444}, 'strong': {'count': 21, 'recall': 0.8571428571428571}}"
ecod,ml,False,0.05,1,500,75,0.199969,0.09043,0.15,1.0,0.26087,1.0,0.51312,0.591905,-44.8551407,"{'EXTREME_YOY_COLLAPSE': {'count': 10, 'recall': 1.0}, 'FUEL_PRICE_INVOICE_FRAUD': {'count': 12, 'recall': 1.0}, 'SCOPE1_UNDERREPORTING_FRAUD': {'count': 9, 'recall': 1.0}, 'SCOPE2_ELECTRICITY_MISMATCH': {'count': 20, 'recall': 1.0}, 'SCOPE_MATH_DISCREPANCY': {'count': 15, 'recall': 1.0}, 'SECTOR_INTENSITY_ANOMALY': {'count': 9, 'recall': 1.0}}","{'mild': {'count': 18, 'recall': 1.0}, 'moderate': {'count': 36, 'recall': 1.0}, 'strong': {'count': 21, 'recall': 1.0}}"
elliptic_envelope,statistical,False,0.05,1,500,75,0.991216,0.973982,1.0,0.946667,0.972603,0.0,0.134825,0.139194,-2532037.67099366,"{'EXTREME_YOY_COLLAPSE': {'count': 10, 'recall': 1.0}, 'FUEL_PRICE_INVOICE_FRAUD': {'count': 12, 'recall': 0.9166666666666666}, 'SCOPE1_UNDERREPORTING_FRAUD': {'count': 9, 'recall': 1.0}, 'SCOPE2_ELECTRICITY_MISMATCH': {'count': 20, 'recall': 0.85}, 'SCOPE_MATH_DISCREPANCY': {'count': 15, 'recall': 1.0}, 'SECTOR_INTENSITY_ANOMALY': {'count': 9, 'recall': 1.0}}","{'mild': {'count': 18, 'recall': 0.9444444444444444}, 'moderate': {'count': 36, 'recall': 0.9444444444444444}, 'strong': {'count': 21, 'recall': 0.9523809523809523}}"
gaussian_mixture,statistical,False,0.05,1,500,75,0.962447,0.892928,0.821918,0.8,0.810811,0.030588,0.133997,0.138431,26.39310528,"{'EXTREME_YOY_COLLAPSE': {'count': 10, 'recall': 0.8}, 'FUEL_PRICE_INVOICE_FRAUD': {'count': 12, 'recall': 1.0}, 'SCOPE1_UNDERREPORTING_FRAUD': {'count': 9, 'recall': 1.0}, 'SCOPE2_ELECTRICITY_MISMATCH': {'count': 20, 'recall': 0.4}, 'SCOPE_MATH_DISCREPANCY': {'count': 15, 'recall': 1.0}, 'SECTOR_INTENSITY_ANOMALY': {'count': 9, 'recall': 0.8888888888888888}}","{'mild': {'count': 18, 'recall': 0.6666666666666666}, 'moderate': {'count': 36, 'recall': 0.7777777777777778}, 'strong': {'count': 21, 'recall': 0.9523809523809523}}"
gradient_boosting_ceiling,supervised,True,0.05,1,500,75,0.986667,0.977333,1.0,0.973333,0.986486,0.0,0.004,0.004,0.99996527,"{'EXTREME_YOY_COLLAPSE': {'count': 10, 'recall': 1.0}, 'FUEL_PRICE_INVOICE_FRAUD': {'count': 12, 'recall': 0.9166666666666666}, 'SCOPE1_UNDERREPORTING_FRAUD': {'count': 9, 'recall': 1.0}, 'SCOPE2_ELECTRICITY_MISMATCH': {'count': 20, 'recall': 0.95}, 'SCOPE_MATH_DISCREPANCY': {'count': 15, 'recall': 1.0}, 'SECTOR_INTENSITY_ANOMALY': {'count': 9, 'recall': 1.0}}","{'mild': {'count': 18, 'recall': 0.9444444444444444}, 'moderate': {'count': 36, 'recall': 1.0}, 'strong': {'count': 21, 'recall': 0.9523809523809523}}"
hbos,statistical,False,0.05,1,500,75,0.924675,0.776884,0.814815,0.586667,0.682171,0.023529,0.080331,0.095918,23.87746931,"{'EXTREME_YOY_COLLAPSE': {'count': 10, 'recall': 0.4}, 'FUEL_PRICE_INVOICE_FRAUD': {'count': 12, 'recall': 1.0}, 'SCOPE1_UNDERREPORTING_FRAUD': {'count': 9, 'recall': 0.5555555555555556}, 'SCOPE2_ELECTRICITY_MISMATCH': {'count': 20, 'recall': 0.35}, 'SCOPE_MATH_DISCREPANCY': {'count': 15, 'recall': 1.0}, 'SECTOR_INTENSITY_ANOMALY': {'count': 9, 'recall': 0.1111111111111111}}","{'mild': {'count': 18, 'recall': 0.2777777777777778}, 'moderate': {'count': 36, 'recall': 0.7222222222222222}, 'strong': {'count': 21, 'recall': 0.6190476190476191}}"
iforest_pyod,ml,False,0.05,1,500,75,0.039906,0.080933,0.15,1.0,0.26087,1.0,0.640109,0.731042,-0.11120101,"{'EXTREME_YOY_COLLAPSE': {'count': 10, 'recall': 1.0}, 'FUEL_PRICE_INVOICE_FRAUD': {'count': 12, 'recall': 1.0}, 'SCOPE1_UNDERREPORTING_FRAUD': {'count': 9, 'recall': 1.0}, 'SCOPE2_ELECTRICITY_MISMATCH': {'count': 20, 'recall': 1.0}, 'SCOPE_MATH_DISCREPANCY': {'count': 15, 'recall': 1.0}, 'SECTOR_INTENSITY_ANOMALY': {'count': 9, 'recall': 1.0}}","{'mild': {'count': 18, 'recall': 1.0}, 'moderate': {'count': 36, 'recall': 1.0}, 'strong': {'count': 21, 'recall': 1.0}}"
isolation_forest,baseline,True,0.05,1,500,75,0.960094,0.854399,0.811594,0.746667,0.777778,0.030588,0.073233,0.132958,-0.04205031,"{'EXTREME_YOY_COLLAPSE': {'count': 10, 'recall': 0.7}, 'FUEL_PRICE_INVOICE_FRAUD': {'count': 12, 'recall': 1.0}, 'SCOPE1_UNDERREPORTING_FRAUD': {'count': 9, 'recall': 0.7777777777777778}, 'SCOPE2_ELECTRICITY_MISMATCH': {'count': 20, 'recall': 0.35}, 'SCOPE_MATH_DISCREPANCY': {'count': 15, 'recall': 1.0}, 'SECTOR_INTENSITY_ANOMALY': {'count': 9, 'recall': 0.8888888888888888}}","{'mild': {'count': 18, 'recall': 0.3888888888888889}, 'moderate': {'count': 36, 'recall': 0.8333333333333334}, 'strong': {'count': 21, 'recall': 0.9047619047619048}}"
lof,ml,False,0.05,1,500,75,0.810855,0.690448,0.71875,0.613333,0.661871,0.042353,0.136909,0.139273,-0.18477531,"{'EXTREME_YOY_COLLAPSE': {'count': 10, 'recall': 0.3}, 'FUEL_PRICE_INVOICE_FRAUD': {'count': 12, 'recall': 0.5833333333333334}, 'SCOPE1_UNDERREPORTING_FRAUD': {'count': 9, 'recall': 0.7777777777777778}, 'SCOPE2_ELECTRICITY_MISMATCH': {'count': 20, 'recall': 0.6}, 'SCOPE_MATH_DISCREPANCY': {'count': 15, 'recall': 1.0}, 'SECTOR_INTENSITY_ANOMALY': {'count': 9, 'recall': 0.2222222222222222}}","{'mild': {'count': 18, 'recall': 0.7222222222222222}, 'moderate': {'count': 36, 'recall': 0.5833333333333334}, 'strong': {'count': 21, 'recall': 0.5714285714285714}}"
pca_qresidual,statistical,True,0.05,1,500,75,0.505694,0.158775,0.158621,0.92,0.270588,0.861176,0.132805,0.072733,0.529191,"{'EXTREME_YOY_COLLAPSE': {'count': 10, 'recall': 1.0}, 'FUEL_PRICE_INVOICE_FRAUD': {'count': 12, 'recall': 1.0}, 'SCOPE1_UNDERREPORTING_FRAUD': {'count': 9, 'recall': 1.0}, 'SCOPE2_ELECTRICITY_MISMATCH': {'count': 20, 'recall': 0.85}, 'SCOPE_MATH_DISCREPANCY': {'count': 15, 'recall': 0.8}, 'SECTOR_INTENSITY_ANOMALY': {'count': 9, 'recall': 1.0}}","{'mild': {'count': 18, 'recall': 0.9444444444444444}, 'moderate': {'count': 36, 'recall': 0.8611111111111112}, 'strong': {'count': 21, 'recall': 1.0}}"
robust_zscore,statistical,False,0.05,1,500,75,0.636988,0.459336,1.0,0.306667,0.469388,0.0,0.127738,0.133466,33322894022.96436,"{'EXTREME_YOY_COLLAPSE': {'count': 10, 'recall': 0.0}, 'FUEL_PRICE_INVOICE_FRAUD': {'count': 12, 'recall': 0.16666666666666666}, 'SCOPE1_UNDERREPORTING_FRAUD': {'count': 9, 'recall': 0.1111111111111111}, 'SCOPE2_ELECTRICITY_MISMATCH': {'count': 20, 'recall': 0.25}, 'SCOPE_MATH_DISCREPANCY': {'count': 15, 'recall': 1.0}, 'SECTOR_INTENSITY_ANOMALY': {'count': 9, 'recall': 0.0}}","{'mild': {'count': 18, 'recall': 0.16666666666666666}, 'moderate': {'count': 36, 'recall': 0.3611111111111111}, 'strong': {'count': 21, 'recall': 0.3333333333333333}}"
vae_dl,dl,False,0.05,1,500,75,0.0,0.080059,0.15,1.0,0.26087,1.0,0.860739,0.866476,-8464520.0,"{'EXTREME_YOY_COLLAPSE': {'count': 10, 'recall': 1.0}, 'FUEL_PRICE_INVOICE_FRAUD': {'count': 12, 'recall': 1.0}, 'SCOPE1_UNDERREPORTING_FRAUD': {'count': 9, 'recall': 1.0}, 'SCOPE2_ELECTRICITY_MISMATCH': {'count': 20, 'recall': 1.0}, 'SCOPE_MATH_DISCREPANCY': {'count': 15, 'recall': 1.0}, 'SECTOR_INTENSITY_ANOMALY': {'count': 9, 'recall': 1.0}}","{'mild': {'count': 18, 'recall': 1.0}, 'moderate': {'count': 36, 'recall': 1.0}, 'strong': {'count': 21, 'recall': 1.0}}"
autoencoder_dl,dl,False,0.1,1,500,75,0.0,0.080059,0.15,1.0,0.26087,1.0,0.860806,0.866529,-13249407.0,"{'EXTREME_YOY_COLLAPSE': {'count': 10, 'recall': 1.0}, 'FUEL_PRICE_INVOICE_FRAUD': {'count': 12, 'recall': 1.0}, 'SCOPE1_UNDERREPORTING_FRAUD': {'count': 9, 'recall': 1.0}, 'SCOPE2_ELECTRICITY_MISMATCH': {'count': 20, 'recall': 1.0}, 'SCOPE_MATH_DISCREPANCY': {'count': 15, 'recall': 1.0}, 'SECTOR_INTENSITY_ANOMALY': {'count': 9, 'recall': 1.0}}","{'mild': {'count': 18, 'recall': 1.0}, 'moderate': {'count': 36, 'recall': 1.0}, 'strong': {'count': 21, 'recall': 1.0}}"
copod,ml,False,0.1,1,500,75,0.129443,0.085188,0.15,1.0,0.26087,1.0,0.536895,0.624847,-39.34483692,"{'EXTREME_YOY_COLLAPSE': {'count': 10, 'recall': 1.0}, 'FUEL_PRICE_INVOICE_FRAUD': {'count': 12, 'recall': 1.0}, 'SCOPE1_UNDERREPORTING_FRAUD': {'count': 9, 'recall': 1.0}, 'SCOPE2_ELECTRICITY_MISMATCH': {'count': 20, 'recall': 1.0}, 'SCOPE_MATH_DISCREPANCY': {'count': 15, 'recall': 1.0}, 'SECTOR_INTENSITY_ANOMALY': {'count': 9, 'recall': 1.0}}","{'mild': {'count': 18, 'recall': 1.0}, 'moderate': {'count': 36, 'recall': 1.0}, 'strong': {'count': 21, 'recall': 1.0}}"
deep_svdd_dl,dl,False,0.1,1,500,75,0.8,0.827573,1.0,0.8,0.888889,0.0,0.856272,0.85973,-1298228736.0,"{'EXTREME_YOY_COLLAPSE': {'count': 10, 'recall': 1.0}, 'FUEL_PRICE_INVOICE_FRAUD': {'count': 12, 'recall': 1.0}, 'SCOPE1_UNDERREPORTING_FRAUD': {'count': 9, 'recall': 1.0}, 'SCOPE2_ELECTRICITY_MISMATCH': {'count': 20, 'recall': 1.0}, 'SCOPE_MATH_DISCREPANCY': {'count': 15, 'recall': 0.0}, 'SECTOR_INTENSITY_ANOMALY': {'count': 9, 'recall': 1.0}}","{'mild': {'count': 18, 'recall': 0.9444444444444444}, 'moderate': {'count': 36, 'recall': 0.6944444444444444}, 'strong': {'count': 21, 'recall': 0.8571428571428571}}"
ecod,ml,False,0.1,1,500,75,0.199969,0.09043,0.15,1.0,0.26087,1.0,0.51312,0.591905,-44.8551407,"{'EXTREME_YOY_COLLAPSE': {'count': 10, 'recall': 1.0}, 'FUEL_PRICE_INVOICE_FRAUD': {'count': 12, 'recall': 1.0}, 'SCOPE1_UNDERREPORTING_FRAUD': {'count': 9, 'recall': 1.0}, 'SCOPE2_ELECTRICITY_MISMATCH': {'count': 20, 'recall': 1.0}, 'SCOPE_MATH_DISCREPANCY': {'count': 15, 'recall': 1.0}, 'SECTOR_INTENSITY_ANOMALY': {'count': 9, 'recall': 1.0}}","{'mild': {'count': 18, 'recall': 1.0}, 'moderate': {'count': 36, 'recall': 1.0}, 'strong': {'count': 21, 'recall': 1.0}}"
elliptic_envelope,statistical,False,0.1,1,500,75,0.991216,0.973982,1.0,0.946667,0.972603,0.0,0.134825,0.139194,-70513.85343984,"{'EXTREME_YOY_COLLAPSE': {'count': 10, 'recall': 1.0}, 'FUEL_PRICE_INVOICE_FRAUD': {'count': 12, 'recall': 0.9166666666666666}, 'SCOPE1_UNDERREPORTING_FRAUD': {'count': 9, 'recall': 1.0}, 'SCOPE2_ELECTRICITY_MISMATCH': {'count': 20, 'recall': 0.85}, 'SCOPE_MATH_DISCREPANCY': {'count': 15, 'recall': 1.0}, 'SECTOR_INTENSITY_ANOMALY': {'count': 9, 'recall': 1.0}}","{'mild': {'count': 18, 'recall': 0.9444444444444444}, 'moderate': {'count': 36, 'recall': 0.9444444444444444}, 'strong': {'count': 21, 'recall': 0.9523809523809523}}"
gaussian_mixture,statistical,False,0.1,1,500,75,0.962447,0.892928,0.821918,0.8,0.810811,0.030588,0.133997,0.138431,26.39310528,"{'EXTREME_YOY_COLLAPSE': {'count': 10, 'recall': 0.8}, 'FUEL_PRICE_INVOICE_FRAUD': {'count': 12, 'recall': 1.0}, 'SCOPE1_UNDERREPORTING_FRAUD': {'count': 9, 'recall': 1.0}, 'SCOPE2_ELECTRICITY_MISMATCH': {'count': 20, 'recall': 0.4}, 'SCOPE_MATH_DISCREPANCY': {'count': 15, 'recall': 1.0}, 'SECTOR_INTENSITY_ANOMALY': {'count': 9, 'recall': 0.8888888888888888}}","{'mild': {'count': 18, 'recall': 0.6666666666666666}, 'moderate': {'count': 36, 'recall': 0.7777777777777778}, 'strong': {'count': 21, 'recall': 0.9523809523809523}}"
gradient_boosting_ceiling,supervised,True,0.1,1,500,75,0.986667,0.977333,1.0,0.973333,0.986486,0.0,0.004,0.004,0.99996527,"{'EXTREME_YOY_COLLAPSE': {'count': 10, 'recall': 1.0}, 'FUEL_PRICE_INVOICE_FRAUD': {'count': 12, 'recall': 0.9166666666666666}, 'SCOPE1_UNDERREPORTING_FRAUD': {'count': 9, 'recall': 1.0}, 'SCOPE2_ELECTRICITY_MISMATCH': {'count': 20, 'recall': 0.95}, 'SCOPE_MATH_DISCREPANCY': {'count': 15, 'recall': 1.0}, 'SECTOR_INTENSITY_ANOMALY': {'count': 9, 'recall': 1.0}}","{'mild': {'count': 18, 'recall': 0.9444444444444444}, 'moderate': {'count': 36, 'recall': 1.0}, 'strong': {'count': 21, 'recall': 0.9523809523809523}}"
hbos,statistical,False,0.1,1,500,75,0.924675,0.776884,0.814815,0.586667,0.682171,0.023529,0.080331,0.095918,23.87746931,"{'EXTREME_YOY_COLLAPSE': {'count': 10, 'recall': 0.4}, 'FUEL_PRICE_INVOICE_FRAUD': {'count': 12, 'recall': 1.0}, 'SCOPE1_UNDERREPORTING_FRAUD': {'count': 9, 'recall': 0.5555555555555556}, 'SCOPE2_ELECTRICITY_MISMATCH': {'count': 20, 'recall': 0.35}, 'SCOPE_MATH_DISCREPANCY': {'count': 15, 'recall': 1.0}, 'SECTOR_INTENSITY_ANOMALY': {'count': 9, 'recall': 0.1111111111111111}}","{'mild': {'count': 18, 'recall': 0.2777777777777778}, 'moderate': {'count': 36, 'recall': 0.7222222222222222}, 'strong': {'count': 21, 'recall': 0.6190476190476191}}"
iforest_pyod,ml,False,0.1,1,500,75,0.039906,0.080933,0.15,1.0,0.26087,1.0,0.640109,0.731042,-0.14045172,"{'EXTREME_YOY_COLLAPSE': {'count': 10, 'recall': 1.0}, 'FUEL_PRICE_INVOICE_FRAUD': {'count': 12, 'recall': 1.0}, 'SCOPE1_UNDERREPORTING_FRAUD': {'count': 9, 'recall': 1.0}, 'SCOPE2_ELECTRICITY_MISMATCH': {'count': 20, 'recall': 1.0}, 'SCOPE_MATH_DISCREPANCY': {'count': 15, 'recall': 1.0}, 'SECTOR_INTENSITY_ANOMALY': {'count': 9, 'recall': 1.0}}","{'mild': {'count': 18, 'recall': 1.0}, 'moderate': {'count': 36, 'recall': 1.0}, 'strong': {'count': 21, 'recall': 1.0}}"
isolation_forest,baseline,True,0.1,1,500,75,0.960094,0.854399,0.811594,0.746667,0.777778,0.030588,0.073233,0.132958,-0.01279961,"{'EXTREME_YOY_COLLAPSE': {'count': 10, 'recall': 0.7}, 'FUEL_PRICE_INVOICE_FRAUD': {'count': 12, 'recall': 1.0}, 'SCOPE1_UNDERREPORTING_FRAUD': {'count': 9, 'recall': 0.7777777777777778}, 'SCOPE2_ELECTRICITY_MISMATCH': {'count': 20, 'recall': 0.35}, 'SCOPE_MATH_DISCREPANCY': {'count': 15, 'recall': 1.0}, 'SECTOR_INTENSITY_ANOMALY': {'count': 9, 'recall': 0.8888888888888888}}","{'mild': {'count': 18, 'recall': 0.3888888888888889}, 'moderate': {'count': 36, 'recall': 0.8333333333333334}, 'strong': {'count': 21, 'recall': 0.9047619047619048}}"
lof,ml,False,0.1,1,500,75,0.810855,0.690448,0.71875,0.613333,0.661871,0.042353,0.136909,0.139273,-0.03271881,"{'EXTREME_YOY_COLLAPSE': {'count': 10, 'recall': 0.3}, 'FUEL_PRICE_INVOICE_FRAUD': {'count': 12, 'recall': 0.5833333333333334}, 'SCOPE1_UNDERREPORTING_FRAUD': {'count': 9, 'recall': 0.7777777777777778}, 'SCOPE2_ELECTRICITY_MISMATCH': {'count': 20, 'recall': 0.6}, 'SCOPE_MATH_DISCREPANCY': {'count': 15, 'recall': 1.0}, 'SECTOR_INTENSITY_ANOMALY': {'count': 9, 'recall': 0.2222222222222222}}","{'mild': {'count': 18, 'recall': 0.7222222222222222}, 'moderate': {'count': 36, 'recall': 0.5833333333333334}, 'strong': {'count': 21, 'recall': 0.5714285714285714}}"
pca_qresidual,statistical,True,0.1,1,500,75,0.505694,0.158775,0.158621,0.92,0.270588,0.861176,0.132805,0.072733,0.529191,"{'EXTREME_YOY_COLLAPSE': {'count': 10, 'recall': 1.0}, 'FUEL_PRICE_INVOICE_FRAUD': {'count': 12, 'recall': 1.0}, 'SCOPE1_UNDERREPORTING_FRAUD': {'count': 9, 'recall': 1.0}, 'SCOPE2_ELECTRICITY_MISMATCH': {'count': 20, 'recall': 0.85}, 'SCOPE_MATH_DISCREPANCY': {'count': 15, 'recall': 0.8}, 'SECTOR_INTENSITY_ANOMALY': {'count': 9, 'recall': 1.0}}","{'mild': {'count': 18, 'recall': 0.9444444444444444}, 'moderate': {'count': 36, 'recall': 0.8611111111111112}, 'strong': {'count': 21, 'recall': 1.0}}"
robust_zscore,statistical,False,0.1,1,500,75,0.636988,0.459336,1.0,0.306667,0.469388,0.0,0.127738,0.133466,33322894022.96436,"{'EXTREME_YOY_COLLAPSE': {'count': 10, 'recall': 0.0}, 'FUEL_PRICE_INVOICE_FRAUD': {'count': 12, 'recall': 0.16666666666666666}, 'SCOPE1_UNDERREPORTING_FRAUD': {'count': 9, 'recall': 0.1111111111111111}, 'SCOPE2_ELECTRICITY_MISMATCH': {'count': 20, 'recall': 0.25}, 'SCOPE_MATH_DISCREPANCY': {'count': 15, 'recall': 1.0}, 'SECTOR_INTENSITY_ANOMALY': {'count': 9, 'recall': 0.0}}","{'mild': {'count': 18, 'recall': 0.16666666666666666}, 'moderate': {'count': 36, 'recall': 0.3611111111111111}, 'strong': {'count': 21, 'recall': 0.3333333333333333}}"
vae_dl,dl,False,0.1,1,500,75,0.0,0.080059,0.15,1.0,0.26087,1.0,0.860739,0.866476,-8464520.0,"{'EXTREME_YOY_COLLAPSE': {'count': 10, 'recall': 1.0}, 'FUEL_PRICE_INVOICE_FRAUD': {'count': 12, 'recall': 1.0}, 'SCOPE1_UNDERREPORTING_FRAUD': {'count': 9, 'recall': 1.0}, 'SCOPE2_ELECTRICITY_MISMATCH': {'count': 20, 'recall': 1.0}, 'SCOPE_MATH_DISCREPANCY': {'count': 15, 'recall': 1.0}, 'SECTOR_INTENSITY_ANOMALY': {'count': 9, 'recall': 1.0}}","{'mild': {'count': 18, 'recall': 1.0}, 'moderate': {'count': 36, 'recall': 1.0}, 'strong': {'count': 21, 'recall': 1.0}}"
autoencoder_dl,dl,False,0.15,1,500,75,0.0,0.080059,0.15,1.0,0.26087,1.0,0.860806,0.866529,-13249407.0,"{'EXTREME_YOY_COLLAPSE': {'count': 10, 'recall': 1.0}, 'FUEL_PRICE_INVOICE_FRAUD': {'count': 12, 'recall': 1.0}, 'SCOPE1_UNDERREPORTING_FRAUD': {'count': 9, 'recall': 1.0}, 'SCOPE2_ELECTRICITY_MISMATCH': {'count': 20, 'recall': 1.0}, 'SCOPE_MATH_DISCREPANCY': {'count': 15, 'recall': 1.0}, 'SECTOR_INTENSITY_ANOMALY': {'count': 9, 'recall': 1.0}}","{'mild': {'count': 18, 'recall': 1.0}, 'moderate': {'count': 36, 'recall': 1.0}, 'strong': {'count': 21, 'recall': 1.0}}"
copod,ml,False,0.15,1,500,75,0.129443,0.085188,0.15,1.0,0.26087,1.0,0.536895,0.624847,-39.34483692,"{'EXTREME_YOY_COLLAPSE': {'count': 10, 'recall': 1.0}, 'FUEL_PRICE_INVOICE_FRAUD': {'count': 12, 'recall': 1.0}, 'SCOPE1_UNDERREPORTING_FRAUD': {'count': 9, 'recall': 1.0}, 'SCOPE2_ELECTRICITY_MISMATCH': {'count': 20, 'recall': 1.0}, 'SCOPE_MATH_DISCREPANCY': {'count': 15, 'recall': 1.0}, 'SECTOR_INTENSITY_ANOMALY': {'count': 9, 'recall': 1.0}}","{'mild': {'count': 18, 'recall': 1.0}, 'moderate': {'count': 36, 'recall': 1.0}, 'strong': {'count': 21, 'recall': 1.0}}"
deep_svdd_dl,dl,False,0.15,1,500,75,0.8,0.827573,1.0,0.8,0.888889,0.0,0.856272,0.85973,-1298228736.0,"{'EXTREME_YOY_COLLAPSE': {'count': 10, 'recall': 1.0}, 'FUEL_PRICE_INVOICE_FRAUD': {'count': 12, 'recall': 1.0}, 'SCOPE1_UNDERREPORTING_FRAUD': {'count': 9, 'recall': 1.0}, 'SCOPE2_ELECTRICITY_MISMATCH': {'count': 20, 'recall': 1.0}, 'SCOPE_MATH_DISCREPANCY': {'count': 15, 'recall': 0.0}, 'SECTOR_INTENSITY_ANOMALY': {'count': 9, 'recall': 1.0}}","{'mild': {'count': 18, 'recall': 0.9444444444444444}, 'moderate': {'count': 36, 'recall': 0.6944444444444444}, 'strong': {'count': 21, 'recall': 0.8571428571428571}}"
ecod,ml,False,0.15,1,500,75,0.199969,0.09043,0.15,1.0,0.26087,1.0,0.51312,0.591905,-44.8551407,"{'EXTREME_YOY_COLLAPSE': {'count': 10, 'recall': 1.0}, 'FUEL_PRICE_INVOICE_FRAUD': {'count': 12, 'recall': 1.0}, 'SCOPE1_UNDERREPORTING_FRAUD': {'count': 9, 'recall': 1.0}, 'SCOPE2_ELECTRICITY_MISMATCH': {'count': 20, 'recall': 1.0}, 'SCOPE_MATH_DISCREPANCY': {'count': 15, 'recall': 1.0}, 'SECTOR_INTENSITY_ANOMALY': {'count': 9, 'recall': 1.0}}","{'mild': {'count': 18, 'recall': 1.0}, 'moderate': {'count': 36, 'recall': 1.0}, 'strong': {'count': 21, 'recall': 1.0}}"
elliptic_envelope,statistical,False,0.15,1,500,75,0.991216,0.973982,1.0,0.946667,0.972603,0.0,0.134825,0.139194,10080.49372881,"{'EXTREME_YOY_COLLAPSE': {'count': 10, 'recall': 1.0}, 'FUEL_PRICE_INVOICE_FRAUD': {'count': 12, 'recall': 0.9166666666666666}, 'SCOPE1_UNDERREPORTING_FRAUD': {'count': 9, 'recall': 1.0}, 'SCOPE2_ELECTRICITY_MISMATCH': {'count': 20, 'recall': 0.85}, 'SCOPE_MATH_DISCREPANCY': {'count': 15, 'recall': 1.0}, 'SECTOR_INTENSITY_ANOMALY': {'count': 9, 'recall': 1.0}}","{'mild': {'count': 18, 'recall': 0.9444444444444444}, 'moderate': {'count': 36, 'recall': 0.9444444444444444}, 'strong': {'count': 21, 'recall': 0.9523809523809523}}"
gaussian_mixture,statistical,False,0.15,1,500,75,0.962447,0.892928,0.821918,0.8,0.810811,0.030588,0.133997,0.138431,26.39310528,"{'EXTREME_YOY_COLLAPSE': {'count': 10, 'recall': 0.8}, 'FUEL_PRICE_INVOICE_FRAUD': {'count': 12, 'recall': 1.0}, 'SCOPE1_UNDERREPORTING_FRAUD': {'count': 9, 'recall': 1.0}, 'SCOPE2_ELECTRICITY_MISMATCH': {'count': 20, 'recall': 0.4}, 'SCOPE_MATH_DISCREPANCY': {'count': 15, 'recall': 1.0}, 'SECTOR_INTENSITY_ANOMALY': {'count': 9, 'recall': 0.8888888888888888}}","{'mild': {'count': 18, 'recall': 0.6666666666666666}, 'moderate': {'count': 36, 'recall': 0.7777777777777778}, 'strong': {'count': 21, 'recall': 0.9523809523809523}}"
gradient_boosting_ceiling,supervised,True,0.15,1,500,75,0.986667,0.977333,1.0,0.973333,0.986486,0.0,0.004,0.004,0.99996527,"{'EXTREME_YOY_COLLAPSE': {'count': 10, 'recall': 1.0}, 'FUEL_PRICE_INVOICE_FRAUD': {'count': 12, 'recall': 0.9166666666666666}, 'SCOPE1_UNDERREPORTING_FRAUD': {'count': 9, 'recall': 1.0}, 'SCOPE2_ELECTRICITY_MISMATCH': {'count': 20, 'recall': 0.95}, 'SCOPE_MATH_DISCREPANCY': {'count': 15, 'recall': 1.0}, 'SECTOR_INTENSITY_ANOMALY': {'count': 9, 'recall': 1.0}}","{'mild': {'count': 18, 'recall': 0.9444444444444444}, 'moderate': {'count': 36, 'recall': 1.0}, 'strong': {'count': 21, 'recall': 0.9523809523809523}}"
hbos,statistical,False,0.15,1,500,75,0.924675,0.776884,0.814815,0.586667,0.682171,0.023529,0.080331,0.095918,23.87746931,"{'EXTREME_YOY_COLLAPSE': {'count': 10, 'recall': 0.4}, 'FUEL_PRICE_INVOICE_FRAUD': {'count': 12, 'recall': 1.0}, 'SCOPE1_UNDERREPORTING_FRAUD': {'count': 9, 'recall': 0.5555555555555556}, 'SCOPE2_ELECTRICITY_MISMATCH': {'count': 20, 'recall': 0.35}, 'SCOPE_MATH_DISCREPANCY': {'count': 15, 'recall': 1.0}, 'SECTOR_INTENSITY_ANOMALY': {'count': 9, 'recall': 0.1111111111111111}}","{'mild': {'count': 18, 'recall': 0.2777777777777778}, 'moderate': {'count': 36, 'recall': 0.7222222222222222}, 'strong': {'count': 21, 'recall': 0.6190476190476191}}"
iforest_pyod,ml,False,0.15,1,500,75,0.039906,0.080933,0.15,1.0,0.26087,1.0,0.640109,0.731042,-0.15616466,"{'EXTREME_YOY_COLLAPSE': {'count': 10, 'recall': 1.0}, 'FUEL_PRICE_INVOICE_FRAUD': {'count': 12, 'recall': 1.0}, 'SCOPE1_UNDERREPORTING_FRAUD': {'count': 9, 'recall': 1.0}, 'SCOPE2_ELECTRICITY_MISMATCH': {'count': 20, 'recall': 1.0}, 'SCOPE_MATH_DISCREPANCY': {'count': 15, 'recall': 1.0}, 'SECTOR_INTENSITY_ANOMALY': {'count': 9, 'recall': 1.0}}","{'mild': {'count': 18, 'recall': 1.0}, 'moderate': {'count': 36, 'recall': 1.0}, 'strong': {'count': 21, 'recall': 1.0}}"
isolation_forest,baseline,True,0.15,1,500,75,0.960094,0.854399,0.811594,0.746667,0.777778,0.030588,0.073233,0.132958,0.00291334,"{'EXTREME_YOY_COLLAPSE': {'count': 10, 'recall': 0.7}, 'FUEL_PRICE_INVOICE_FRAUD': {'count': 12, 'recall': 1.0}, 'SCOPE1_UNDERREPORTING_FRAUD': {'count': 9, 'recall': 0.7777777777777778}, 'SCOPE2_ELECTRICITY_MISMATCH': {'count': 20, 'recall': 0.35}, 'SCOPE_MATH_DISCREPANCY': {'count': 15, 'recall': 1.0}, 'SECTOR_INTENSITY_ANOMALY': {'count': 9, 'recall': 0.8888888888888888}}","{'mild': {'count': 18, 'recall': 0.3888888888888889}, 'moderate': {'count': 36, 'recall': 0.8333333333333334}, 'strong': {'count': 21, 'recall': 0.9047619047619048}}"
lof,ml,False,0.15,1,500,75,0.810855,0.690448,0.71875,0.613333,0.661871,0.042353,0.136909,0.139273,0.01154334,"{'EXTREME_YOY_COLLAPSE': {'count': 10, 'recall': 0.3}, 'FUEL_PRICE_INVOICE_FRAUD': {'count': 12, 'recall': 0.5833333333333334}, 'SCOPE1_UNDERREPORTING_FRAUD': {'count': 9, 'recall': 0.7777777777777778}, 'SCOPE2_ELECTRICITY_MISMATCH': {'count': 20, 'recall': 0.6}, 'SCOPE_MATH_DISCREPANCY': {'count': 15, 'recall': 1.0}, 'SECTOR_INTENSITY_ANOMALY': {'count': 9, 'recall': 0.2222222222222222}}","{'mild': {'count': 18, 'recall': 0.7222222222222222}, 'moderate': {'count': 36, 'recall': 0.5833333333333334}, 'strong': {'count': 21, 'recall': 0.5714285714285714}}"
pca_qresidual,statistical,True,0.15,1,500,75,0.505694,0.158775,0.158621,0.92,0.270588,0.861176,0.132805,0.072733,0.529191,"{'EXTREME_YOY_COLLAPSE': {'count': 10, 'recall': 1.0}, 'FUEL_PRICE_INVOICE_FRAUD': {'count': 12, 'recall': 1.0}, 'SCOPE1_UNDERREPORTING_FRAUD': {'count': 9, 'recall': 1.0}, 'SCOPE2_ELECTRICITY_MISMATCH': {'count': 20, 'recall': 0.85}, 'SCOPE_MATH_DISCREPANCY': {'count': 15, 'recall': 0.8}, 'SECTOR_INTENSITY_ANOMALY': {'count': 9, 'recall': 1.0}}","{'mild': {'count': 18, 'recall': 0.9444444444444444}, 'moderate': {'count': 36, 'recall': 0.8611111111111112}, 'strong': {'count': 21, 'recall': 1.0}}"
robust_zscore,statistical,False,0.15,1,500,75,0.636988,0.459336,1.0,0.306667,0.469388,0.0,0.127738,0.133466,33322894022.96436,"{'EXTREME_YOY_COLLAPSE': {'count': 10, 'recall': 0.0}, 'FUEL_PRICE_INVOICE_FRAUD': {'count': 12, 'recall': 0.16666666666666666}, 'SCOPE1_UNDERREPORTING_FRAUD': {'count': 9, 'recall': 0.1111111111111111}, 'SCOPE2_ELECTRICITY_MISMATCH': {'count': 20, 'recall': 0.25}, 'SCOPE_MATH_DISCREPANCY': {'count': 15, 'recall': 1.0}, 'SECTOR_INTENSITY_ANOMALY': {'count': 9, 'recall': 0.0}}","{'mild': {'count': 18, 'recall': 0.16666666666666666}, 'moderate': {'count': 36, 'recall': 0.3611111111111111}, 'strong': {'count': 21, 'recall': 0.3333333333333333}}"
vae_dl,dl,False,0.15,1,500,75,0.0,0.080059,0.15,1.0,0.26087,1.0,0.860739,0.866476,-8464520.0,"{'EXTREME_YOY_COLLAPSE': {'count': 10, 'recall': 1.0}, 'FUEL_PRICE_INVOICE_FRAUD': {'count': 12, 'recall': 1.0}, 'SCOPE1_UNDERREPORTING_FRAUD': {'count': 9, 'recall': 1.0}, 'SCOPE2_ELECTRICITY_MISMATCH': {'count': 20, 'recall': 1.0}, 'SCOPE_MATH_DISCREPANCY': {'count': 15, 'recall': 1.0}, 'SECTOR_INTENSITY_ANOMALY': {'count': 9, 'recall': 1.0}}","{'mild': {'count': 18, 'recall': 1.0}, 'moderate': {'count': 36, 'recall': 1.0}, 'strong': {'count': 21, 'recall': 1.0}}"
autoencoder_dl,dl,False,0.05,2,500,75,0.0,0.080059,0.15,1.0,0.26087,1.0,0.856549,0.86066,-18310688.0,"{'EXTREME_YOY_COLLAPSE': {'count': 13, 'recall': 1.0}, 'FUEL_PRICE_INVOICE_FRAUD': {'count': 12, 'recall': 1.0}, 'SCOPE1_UNDERREPORTING_FRAUD': {'count': 13, 'recall': 1.0}, 'SCOPE2_ELECTRICITY_MISMATCH': {'count': 10, 'recall': 1.0}, 'SCOPE_MATH_DISCREPANCY': {'count': 12, 'recall': 1.0}, 'SECTOR_INTENSITY_ANOMALY': {'count': 15, 'recall': 1.0}}","{'mild': {'count': 17, 'recall': 1.0}, 'moderate': {'count': 30, 'recall': 1.0}, 'strong': {'count': 28, 'recall': 1.0}}"
copod,ml,False,0.05,2,500,75,0.072847,0.082369,0.15,1.0,0.26087,1.0,0.551476,0.645958,-39.98849509,"{'EXTREME_YOY_COLLAPSE': {'count': 13, 'recall': 1.0}, 'FUEL_PRICE_INVOICE_FRAUD': {'count': 12, 'recall': 1.0}, 'SCOPE1_UNDERREPORTING_FRAUD': {'count': 13, 'recall': 1.0}, 'SCOPE2_ELECTRICITY_MISMATCH': {'count': 10, 'recall': 1.0}, 'SCOPE_MATH_DISCREPANCY': {'count': 12, 'recall': 1.0}, 'SECTOR_INTENSITY_ANOMALY': {'count': 15, 'recall': 1.0}}","{'mild': {'count': 17, 'recall': 1.0}, 'moderate': {'count': 30, 'recall': 1.0}, 'strong': {'count': 28, 'recall': 1.0}}"
deep_svdd_dl,dl,False,0.05,2,500,75,0.84,0.862481,1.0,0.84,0.913043,0.0,0.853917,0.855306,-204855504.0,"{'EXTREME_YOY_COLLAPSE': {'count': 13, 'recall': 1.0}, 'FUEL_PRICE_INVOICE_FRAUD': {'count': 12, 'recall': 1.0}, 'SCOPE1_UNDERREPORTING_FRAUD': {'count': 13, 'recall': 1.0}, 'SCOPE2_ELECTRICITY_MISMATCH': {'count': 10, 'recall': 1.0}, 'SCOPE_MATH_DISCREPANCY': {'count': 12, 'recall': 0.0}, 'SECTOR_INTENSITY_ANOMALY': {'count': 15, 'recall': 1.0}}","{'mild': {'count': 17, 'recall': 0.9411764705882353}, 'moderate': {'count': 30, 'recall': 0.8}, 'strong': {'count': 28, 'recall': 0.8214285714285714}}"
ecod,ml,False,0.05,2,500,75,0.140518,0.086068,0.15,1.0,0.26087,1.0,0.499725,0.581434,-43.88796066,"{'EXTREME_YOY_COLLAPSE': {'count': 13, 'recall': 1.0}, 'FUEL_PRICE_INVOICE_FRAUD': {'count': 12, 'recall': 1.0}, 'SCOPE1_UNDERREPORTING_FRAUD': {'count': 13, 'recall': 1.0}, 'SCOPE2_ELECTRICITY_MISMATCH': {'count': 10, 'recall': 1.0}, 'SCOPE_MATH_DISCREPANCY': {'count': 12, 'recall': 1.0}, 'SECTOR_INTENSITY_ANOMALY': {'count': 15, 'recall': 1.0}}","{'mild': {'count': 17, 'recall': 1.0}, 'moderate': {'count': 30, 'recall': 1.0}, 'strong': {'count': 28, 'recall': 1.0}}"
elliptic_envelope,statistical,False,0.05,2,500,75,1.0,1.0,1.0,1.0,1.0,0.0,0.140909,0.143451,-3275330.9010264,"{'EXTREME_YOY_COLLAPSE': {'count': 13, 'recall': 1.0}, 'FUEL_PRICE_INVOICE_FRAUD': {'count': 12, 'recall': 1.0}, 'SCOPE1_UNDERREPORTING_FRAUD': {'count': 13, 'recall': 1.0}, 'SCOPE2_ELECTRICITY_MISMATCH': {'count': 10, 'recall': 1.0}, 'SCOPE_MATH_DISCREPANCY': {'count': 12, 'recall': 1.0}, 'SECTOR_INTENSITY_ANOMALY': {'count': 15, 'recall': 1.0}}","{'mild': {'count': 17, 'recall': 1.0}, 'moderate': {'count': 30, 'recall': 1.0}, 'strong': {'count': 28, 'recall': 1.0}}"
gaussian_mixture,statistical,False,0.05,2,500,75,0.986322,0.944188,0.888889,0.853333,0.870748,0.018824,0.140366,0.142928,28.0632087,"{'EXTREME_YOY_COLLAPSE': {'count': 13, 'recall': 0.7692307692307693}, 'FUEL_PRICE_INVOICE_FRAUD': {'count': 12, 'recall': 0.9166666666666666}, 'SCOPE1_UNDERREPORTING_FRAUD': {'count': 13, 'recall': 0.6923076923076923}, 'SCOPE2_ELECTRICITY_MISMATCH': {'count': 10, 'recall': 0.7}, 'SCOPE_MATH_DISCREPANCY': {'count': 12, 'recall': 1.0}, 'SECTOR_INTENSITY_ANOMALY': {'count': 15, 'recall': 1.0}}","{'mild': {'count': 17, 'recall': 0.5294117647058824}, 'moderate': {'count': 30, 'recall': 0.9}, 'strong': {'count': 28, 'recall': 1.0}}"
gradient_boosting_ceiling,supervised,True,0.05,2,500,75,1.0,1.0,1.0,1.0,1.0,0.0,0.0,0.0,0.99996527,"{'EXTREME_YOY_COLLAPSE': {'count': 13, 'recall': 1.0}, 'FUEL_PRICE_INVOICE_FRAUD': {'count': 12, 'recall': 1.0}, 'SCOPE1_UNDERREPORTING_FRAUD': {'count': 13, 'recall': 1.0}, 'SCOPE2_ELECTRICITY_MISMATCH': {'count': 10, 'recall': 1.0}, 'SCOPE_MATH_DISCREPANCY': {'count': 12, 'recall': 1.0}, 'SECTOR_INTENSITY_ANOMALY': {'count': 15, 'recall': 1.0}}","{'mild': {'count': 17, 'recall': 1.0}, 'moderate': {'count': 30, 'recall': 1.0}, 'strong': {'count': 28, 'recall': 1.0}}"
hbos,statistical,False,0.05,2,500,75,0.953224,0.841198,0.84127,0.706667,0.768116,0.023529,0.079201,0.130971,23.94834608,"{'EXTREME_YOY_COLLAPSE': {'count': 13, 'recall': 0.5384615384615384}, 'FUEL_PRICE_INVOICE_FRAUD': {'count': 12, 'recall': 1.0}, 'SCOPE1_UNDERREPORTING_FRAUD': {'count': 13, 'recall': 0.46153846153846156}, 'SCOPE2_ELECTRICITY_MISMATCH': {'count': 10, 'recall': 0.7}, 'SCOPE_MATH_DISCREPANCY': {'count': 12, 'recall': 1.0}, 'SECTOR_INTENSITY_ANOMALY': {'count': 15, 'recall': 0.6}}","{'mild': {'count': 17, 'recall': 0.5294117647058824}, 'moderate': {'count': 30, 'recall': 0.6666666666666666}, 'strong': {'count': 28, 'recall': 0.8571428571428571}}"
iforest_pyod,ml,False,0.05,2,500,75,0.026322,0.080566,0.15,1.0,0.26087,1.0,0.625115,0.728558,-0.1150283,"{'EXTREME_YOY_COLLAPSE': {'count': 13, 'recall': 1.0}, 'FUEL_PRICE_INVOICE_FRAUD': {'count': 12, 'recall': 1.0}, 'SCOPE1_UNDERREPORTING_FRAUD': {'count': 13, 'recall': 1.0}, 'SCOPE2_ELECTRICITY_MISMATCH': {'count': 10, 'recall': 1.0}, 'SCOPE_MATH_DISCREPANCY': {'count': 12, 'recall': 1.0}, 'SECTOR_INTENSITY_ANOMALY': {'count': 15, 'recall': 1.0}}","{'mild': {'count': 17, 'recall': 1.0}, 'moderate': {'count': 30, 'recall': 1.0}, 'strong': {'count': 28, 'recall': 1.0}}"
isolation_forest,baseline,True,0.05,2,500,75,0.973678,0.897562,0.849315,0.826667,0.837838,0.025882,0.074293,0.161775,-0.04807773,"{'EXTREME_YOY_COLLAPSE': {'count': 13, 'recall': 0.8461538461538461}, 'FUEL_PRICE_INVOICE_FRAUD': {'count': 12, 'recall': 1.0}, 'SCOPE1_UNDERREPORTING_FRAUD': {'count': 13, 'recall': 0.46153846153846156}, 'SCOPE2_ELECTRICITY_MISMATCH': {'count': 10, 'recall': 0.8}, 'SCOPE_MATH_DISCREPANCY': {'count': 12, 'recall': 1.0}, 'SECTOR_INTENSITY_ANOMALY': {'count': 15, 'recall': 0.8666666666666667}}","{'mild': {'count': 17, 'recall': 0.7058823529411765}, 'moderate': {'count': 30, 'recall': 0.7333333333333333}, 'strong': {'count': 28, 'recall': 1.0}}"
lof,ml,False,0.05,2,500,75,0.717616,0.552967,0.614035,0.466667,0.530303,0.051765,0.144187,0.144869,-0.16156058,"{'EXTREME_YOY_COLLAPSE': {'count': 13, 'recall': 0.23076923076923078}, 'FUEL_PRICE_INVOICE_FRAUD': {'count': 12, 'recall': 0.5}, 'SCOPE1_UNDERREPORTING_FRAUD': {'count': 13, 'recall': 0.6923076923076923}, 'SCOPE2_ELECTRICITY_MISMATCH': {'count': 10, 'recall': 0.3}, 'SCOPE_MATH_DISCREPANCY': {'count': 12, 'recall': 1.0}, 'SECTOR_INTENSITY_ANOMALY': {'count': 15, 'recall': 0.13333333333333333}}","{'mild': {'count': 17, 'recall': 0.23529411764705882}, 'moderate': {'count': 30, 'recall': 0.5666666666666667}, 'strong': {'count': 28, 'recall': 0.5}}"
pca_qresidual,statistical,True,0.05,2,500,75,0.539514,0.177962,0.170213,0.96,0.289157,0.825882,0.160628,0.120814,0.54777557,"{'EXTREME_YOY_COLLAPSE': {'count': 13, 'recall': 0.9230769230769231}, 'FUEL_PRICE_INVOICE_FRAUD': {'count': 12, 'recall': 0.9166666666666666}, 'SCOPE1_UNDERREPORTING_FRAUD': {'count': 13, 'recall': 1.0}, 'SCOPE2_ELECTRICITY_MISMATCH': {'count': 10, 'recall': 1.0}, 'SCOPE_MATH_DISCREPANCY': {'count': 12, 'recall': 1.0}, 'SECTOR_INTENSITY_ANOMALY': {'count': 15, 'recall': 0.9333333333333333}}","{'mild': {'count': 17, 'recall': 1.0}, 'moderate': {'count': 30, 'recall': 0.9666666666666667}, 'strong': {'count': 28, 'recall': 0.9285714285714286}}"
robust_zscore,statistical,False,0.05,2,500,75,0.70491,0.521827,0.653061,0.426667,0.516129,0.04,0.135221,0.139336,22828558699.5439,"{'EXTREME_YOY_COLLAPSE': {'count': 13, 'recall': 0.3076923076923077}, 'FUEL_PRICE_INVOICE_FRAUD': {'count': 12, 'recall': 0.5}, 'SCOPE1_UNDERREPORTING_FRAUD': {'count': 13, 'recall': 0.3076923076923077}, 'SCOPE2_ELECTRICITY_MISMATCH': {'count': 10, 'recall': 0.4}, 'SCOPE_MATH_DISCREPANCY': {'count': 12, 'recall': 1.0}, 'SECTOR_INTENSITY_ANOMALY': {'count': 15, 'recall': 0.13333333333333333}}","{'mild': {'count': 17, 'recall': 0.4117647058823529}, 'moderate': {'count': 30, 'recall': 0.43333333333333335}, 'strong': {'count': 28, 'recall': 0.42857142857142855}}"
vae_dl,dl,False,0.05,2,500,75,0.0,0.080059,0.15,1.0,0.26087,1.0,0.856521,0.860628,-13054674.0,"{'EXTREME_YOY_COLLAPSE': {'count': 13, 'recall': 1.0}, 'FUEL_PRICE_INVOICE_FRAUD': {'count': 12, 'recall': 1.0}, 'SCOPE1_UNDERREPORTING_FRAUD': {'count': 13, 'recall': 1.0}, 'SCOPE2_ELECTRICITY_MISMATCH': {'count': 10, 'recall': 1.0}, 'SCOPE_MATH_DISCREPANCY': {'count': 12, 'recall': 1.0}, 'SECTOR_INTENSITY_ANOMALY': {'count': 15, 'recall': 1.0}}","{'mild': {'count': 17, 'recall': 1.0}, 'moderate': {'count': 30, 'recall': 1.0}, 'strong': {'count': 28, 'recall': 1.0}}"
autoencoder_dl,dl,False,0.1,2,500,75,0.0,0.080059,0.15,1.0,0.26087,1.0,0.856549,0.86066,-18310688.0,"{'EXTREME_YOY_COLLAPSE': {'count': 13, 'recall': 1.0}, 'FUEL_PRICE_INVOICE_FRAUD': {'count': 12, 'recall': 1.0}, 'SCOPE1_UNDERREPORTING_FRAUD': {'count': 13, 'recall': 1.0}, 'SCOPE2_ELECTRICITY_MISMATCH': {'count': 10, 'recall': 1.0}, 'SCOPE_MATH_DISCREPANCY': {'count': 12, 'recall': 1.0}, 'SECTOR_INTENSITY_ANOMALY': {'count': 15, 'recall': 1.0}}","{'mild': {'count': 17, 'recall': 1.0}, 'moderate': {'count': 30, 'recall': 1.0}, 'strong': {'count': 28, 'recall': 1.0}}"
copod,ml,False,0.1,2,500,75,0.072847,0.082369,0.15,1.0,0.26087,1.0,0.551476,0.645958,-39.98849509,"{'EXTREME_YOY_COLLAPSE': {'count': 13, 'recall': 1.0}, 'FUEL_PRICE_INVOICE_FRAUD': {'count': 12, 'recall': 1.0}, 'SCOPE1_UNDERREPORTING_FRAUD': {'count': 13, 'recall': 1.0}, 'SCOPE2_ELECTRICITY_MISMATCH': {'count': 10, 'recall': 1.0}, 'SCOPE_MATH_DISCREPANCY': {'count': 12, 'recall': 1.0}, 'SECTOR_INTENSITY_ANOMALY': {'count': 15, 'recall': 1.0}}","{'mild': {'count': 17, 'recall': 1.0}, 'moderate': {'count': 30, 'recall': 1.0}, 'strong': {'count': 28, 'recall': 1.0}}"
deep_svdd_dl,dl,False,0.1,2,500,75,0.84,0.862481,1.0,0.84,0.913043,0.0,0.853917,0.855306,-204855504.0,"{'EXTREME_YOY_COLLAPSE': {'count': 13, 'recall': 1.0}, 'FUEL_PRICE_INVOICE_FRAUD': {'count': 12, 'recall': 1.0}, 'SCOPE1_UNDERREPORTING_FRAUD': {'count': 13, 'recall': 1.0}, 'SCOPE2_ELECTRICITY_MISMATCH': {'count': 10, 'recall': 1.0}, 'SCOPE_MATH_DISCREPANCY': {'count': 12, 'recall': 0.0}, 'SECTOR_INTENSITY_ANOMALY': {'count': 15, 'recall': 1.0}}","{'mild': {'count': 17, 'recall': 0.9411764705882353}, 'moderate': {'count': 30, 'recall': 0.8}, 'strong': {'count': 28, 'recall': 0.8214285714285714}}"
ecod,ml,False,0.1,2,500,75,0.140518,0.086068,0.15,1.0,0.26087,1.0,0.499725,0.581434,-43.88796066,"{'EXTREME_YOY_COLLAPSE': {'count': 13, 'recall': 1.0}, 'FUEL_PRICE_INVOICE_FRAUD': {'count': 12, 'recall': 1.0}, 'SCOPE1_UNDERREPORTING_FRAUD': {'count': 13, 'recall': 1.0}, 'SCOPE2_ELECTRICITY_MISMATCH': {'count': 10, 'recall': 1.0}, 'SCOPE_MATH_DISCREPANCY': {'count': 12, 'recall': 1.0}, 'SECTOR_INTENSITY_ANOMALY': {'count': 15, 'recall': 1.0}}","{'mild': {'count': 17, 'recall': 1.0}, 'moderate': {'count': 30, 'recall': 1.0}, 'strong': {'count': 28, 'recall': 1.0}}"
elliptic_envelope,statistical,False,0.1,2,500,75,1.0,1.0,1.0,1.0,1.0,0.0,0.140909,0.143451,-109948.10002203,"{'EXTREME_YOY_COLLAPSE': {'count': 13, 'recall': 1.0}, 'FUEL_PRICE_INVOICE_FRAUD': {'count': 12, 'recall': 1.0}, 'SCOPE1_UNDERREPORTING_FRAUD': {'count': 13, 'recall': 1.0}, 'SCOPE2_ELECTRICITY_MISMATCH': {'count': 10, 'recall': 1.0}, 'SCOPE_MATH_DISCREPANCY': {'count': 12, 'recall': 1.0}, 'SECTOR_INTENSITY_ANOMALY': {'count': 15, 'recall': 1.0}}","{'mild': {'count': 17, 'recall': 1.0}, 'moderate': {'count': 30, 'recall': 1.0}, 'strong': {'count': 28, 'recall': 1.0}}"
gaussian_mixture,statistical,False,0.1,2,500,75,0.986322,0.944188,0.888889,0.853333,0.870748,0.018824,0.140366,0.142928,28.0632087,"{'EXTREME_YOY_COLLAPSE': {'count': 13, 'recall': 0.7692307692307693}, 'FUEL_PRICE_INVOICE_FRAUD': {'count': 12, 'recall': 0.9166666666666666}, 'SCOPE1_UNDERREPORTING_FRAUD': {'count': 13, 'recall': 0.6923076923076923}, 'SCOPE2_ELECTRICITY_MISMATCH': {'count': 10, 'recall': 0.7}, 'SCOPE_MATH_DISCREPANCY': {'count': 12, 'recall': 1.0}, 'SECTOR_INTENSITY_ANOMALY': {'count': 15, 'recall': 1.0}}","{'mild': {'count': 17, 'recall': 0.5294117647058824}, 'moderate': {'count': 30, 'recall': 0.9}, 'strong': {'count': 28, 'recall': 1.0}}"
gradient_boosting_ceiling,supervised,True,0.1,2,500,75,1.0,1.0,1.0,1.0,1.0,0.0,0.0,0.0,0.99996527,"{'EXTREME_YOY_COLLAPSE': {'count': 13, 'recall': 1.0}, 'FUEL_PRICE_INVOICE_FRAUD': {'count': 12, 'recall': 1.0}, 'SCOPE1_UNDERREPORTING_FRAUD': {'count': 13, 'recall': 1.0}, 'SCOPE2_ELECTRICITY_MISMATCH': {'count': 10, 'recall': 1.0}, 'SCOPE_MATH_DISCREPANCY': {'count': 12, 'recall': 1.0}, 'SECTOR_INTENSITY_ANOMALY': {'count': 15, 'recall': 1.0}}","{'mild': {'count': 17, 'recall': 1.0}, 'moderate': {'count': 30, 'recall': 1.0}, 'strong': {'count': 28, 'recall': 1.0}}"
hbos,statistical,False,0.1,2,500,75,0.953224,0.841198,0.84127,0.706667,0.768116,0.023529,0.079201,0.130971,23.94834608,"{'EXTREME_YOY_COLLAPSE': {'count': 13, 'recall': 0.5384615384615384}, 'FUEL_PRICE_INVOICE_FRAUD': {'count': 12, 'recall': 1.0}, 'SCOPE1_UNDERREPORTING_FRAUD': {'count': 13, 'recall': 0.46153846153846156}, 'SCOPE2_ELECTRICITY_MISMATCH': {'count': 10, 'recall': 0.7}, 'SCOPE_MATH_DISCREPANCY': {'count': 12, 'recall': 1.0}, 'SECTOR_INTENSITY_ANOMALY': {'count': 15, 'recall': 0.6}}","{'mild': {'count': 17, 'recall': 0.5294117647058824}, 'moderate': {'count': 30, 'recall': 0.6666666666666666}, 'strong': {'count': 28, 'recall': 0.8571428571428571}}"
iforest_pyod,ml,False,0.1,2,500,75,0.026322,0.080566,0.15,1.0,0.26087,1.0,0.625115,0.728558,-0.14999316,"{'EXTREME_YOY_COLLAPSE': {'count': 13, 'recall': 1.0}, 'FUEL_PRICE_INVOICE_FRAUD': {'count': 12, 'recall': 1.0}, 'SCOPE1_UNDERREPORTING_FRAUD': {'count': 13, 'recall': 1.0}, 'SCOPE2_ELECTRICITY_MISMATCH': {'count': 10, 'recall': 1.0}, 'SCOPE_MATH_DISCREPANCY': {'count': 12, 'recall': 1.0}, 'SECTOR_INTENSITY_ANOMALY': {'count': 15, 'recall': 1.0}}","{'mild': {'count': 17, 'recall': 1.0}, 'moderate': {'count': 30, 'recall': 1.0}, 'strong': {'count': 28, 'recall': 1.0}}"
isolation_forest,baseline,True,0.1,2,500,75,0.973678,0.897562,0.849315,0.826667,0.837838,0.025882,0.074293,0.161775,-0.01311286,"{'EXTREME_YOY_COLLAPSE': {'count': 13, 'recall': 0.8461538461538461}, 'FUEL_PRICE_INVOICE_FRAUD': {'count': 12, 'recall': 1.0}, 'SCOPE1_UNDERREPORTING_FRAUD': {'count': 13, 'recall': 0.46153846153846156}, 'SCOPE2_ELECTRICITY_MISMATCH': {'count': 10, 'recall': 0.8}, 'SCOPE_MATH_DISCREPANCY': {'count': 12, 'recall': 1.0}, 'SECTOR_INTENSITY_ANOMALY': {'count': 15, 'recall': 0.8666666666666667}}","{'mild': {'count': 17, 'recall': 0.7058823529411765}, 'moderate': {'count': 30, 'recall': 0.7333333333333333}, 'strong': {'count': 28, 'recall': 1.0}}"
lof,ml,False,0.1,2,500,75,0.717616,0.552967,0.614035,0.466667,0.530303,0.051765,0.144187,0.144869,-0.01224568,"{'EXTREME_YOY_COLLAPSE': {'count': 13, 'recall': 0.23076923076923078}, 'FUEL_PRICE_INVOICE_FRAUD': {'count': 12, 'recall': 0.5}, 'SCOPE1_UNDERREPORTING_FRAUD': {'count': 13, 'recall': 0.6923076923076923}, 'SCOPE2_ELECTRICITY_MISMATCH': {'count': 10, 'recall': 0.3}, 'SCOPE_MATH_DISCREPANCY': {'count': 12, 'recall': 1.0}, 'SECTOR_INTENSITY_ANOMALY': {'count': 15, 'recall': 0.13333333333333333}}","{'mild': {'count': 17, 'recall': 0.23529411764705882}, 'moderate': {'count': 30, 'recall': 0.5666666666666667}, 'strong': {'count': 28, 'recall': 0.5}}"
pca_qresidual,statistical,True,0.1,2,500,75,0.539514,0.177962,0.170213,0.96,0.289157,0.825882,0.160628,0.120814,0.54777557,"{'EXTREME_YOY_COLLAPSE': {'count': 13, 'recall': 0.9230769230769231}, 'FUEL_PRICE_INVOICE_FRAUD': {'count': 12, 'recall': 0.9166666666666666}, 'SCOPE1_UNDERREPORTING_FRAUD': {'count': 13, 'recall': 1.0}, 'SCOPE2_ELECTRICITY_MISMATCH': {'count': 10, 'recall': 1.0}, 'SCOPE_MATH_DISCREPANCY': {'count': 12, 'recall': 1.0}, 'SECTOR_INTENSITY_ANOMALY': {'count': 15, 'recall': 0.9333333333333333}}","{'mild': {'count': 17, 'recall': 1.0}, 'moderate': {'count': 30, 'recall': 0.9666666666666667}, 'strong': {'count': 28, 'recall': 0.9285714285714286}}"
robust_zscore,statistical,False,0.1,2,500,75,0.70491,0.521827,0.653061,0.426667,0.516129,0.04,0.135221,0.139336,22828558699.5439,"{'EXTREME_YOY_COLLAPSE': {'count': 13, 'recall': 0.3076923076923077}, 'FUEL_PRICE_INVOICE_FRAUD': {'count': 12, 'recall': 0.5}, 'SCOPE1_UNDERREPORTING_FRAUD': {'count': 13, 'recall': 0.3076923076923077}, 'SCOPE2_ELECTRICITY_MISMATCH': {'count': 10, 'recall': 0.4}, 'SCOPE_MATH_DISCREPANCY': {'count': 12, 'recall': 1.0}, 'SECTOR_INTENSITY_ANOMALY': {'count': 15, 'recall': 0.13333333333333333}}","{'mild': {'count': 17, 'recall': 0.4117647058823529}, 'moderate': {'count': 30, 'recall': 0.43333333333333335}, 'strong': {'count': 28, 'recall': 0.42857142857142855}}"
vae_dl,dl,False,0.1,2,500,75,0.0,0.080059,0.15,1.0,0.26087,1.0,0.856521,0.860628,-13054674.0,"{'EXTREME_YOY_COLLAPSE': {'count': 13, 'recall': 1.0}, 'FUEL_PRICE_INVOICE_FRAUD': {'count': 12, 'recall': 1.0}, 'SCOPE1_UNDERREPORTING_FRAUD': {'count': 13, 'recall': 1.0}, 'SCOPE2_ELECTRICITY_MISMATCH': {'count': 10, 'recall': 1.0}, 'SCOPE_MATH_DISCREPANCY': {'count': 12, 'recall': 1.0}, 'SECTOR_INTENSITY_ANOMALY': {'count': 15, 'recall': 1.0}}","{'mild': {'count': 17, 'recall': 1.0}, 'moderate': {'count': 30, 'recall': 1.0}, 'strong': {'count': 28, 'recall': 1.0}}"
autoencoder_dl,dl,False,0.15,2,500,75,0.0,0.080059,0.15,1.0,0.26087,1.0,0.856549,0.86066,-18310688.0,"{'EXTREME_YOY_COLLAPSE': {'count': 13, 'recall': 1.0}, 'FUEL_PRICE_INVOICE_FRAUD': {'count': 12, 'recall': 1.0}, 'SCOPE1_UNDERREPORTING_FRAUD': {'count': 13, 'recall': 1.0}, 'SCOPE2_ELECTRICITY_MISMATCH': {'count': 10, 'recall': 1.0}, 'SCOPE_MATH_DISCREPANCY': {'count': 12, 'recall': 1.0}, 'SECTOR_INTENSITY_ANOMALY': {'count': 15, 'recall': 1.0}}","{'mild': {'count': 17, 'recall': 1.0}, 'moderate': {'count': 30, 'recall': 1.0}, 'strong': {'count': 28, 'recall': 1.0}}"
copod,ml,False,0.15,2,500,75,0.072847,0.082369,0.15,1.0,0.26087,1.0,0.551476,0.645958,-39.98849509,"{'EXTREME_YOY_COLLAPSE': {'count': 13, 'recall': 1.0}, 'FUEL_PRICE_INVOICE_FRAUD': {'count': 12, 'recall': 1.0}, 'SCOPE1_UNDERREPORTING_FRAUD': {'count': 13, 'recall': 1.0}, 'SCOPE2_ELECTRICITY_MISMATCH': {'count': 10, 'recall': 1.0}, 'SCOPE_MATH_DISCREPANCY': {'count': 12, 'recall': 1.0}, 'SECTOR_INTENSITY_ANOMALY': {'count': 15, 'recall': 1.0}}","{'mild': {'count': 17, 'recall': 1.0}, 'moderate': {'count': 30, 'recall': 1.0}, 'strong': {'count': 28, 'recall': 1.0}}"
deep_svdd_dl,dl,False,0.15,2,500,75,0.84,0.862481,1.0,0.84,0.913043,0.0,0.853917,0.855306,-204855504.0,"{'EXTREME_YOY_COLLAPSE': {'count': 13, 'recall': 1.0}, 'FUEL_PRICE_INVOICE_FRAUD': {'count': 12, 'recall': 1.0}, 'SCOPE1_UNDERREPORTING_FRAUD': {'count': 13, 'recall': 1.0}, 'SCOPE2_ELECTRICITY_MISMATCH': {'count': 10, 'recall': 1.0}, 'SCOPE_MATH_DISCREPANCY': {'count': 12, 'recall': 0.0}, 'SECTOR_INTENSITY_ANOMALY': {'count': 15, 'recall': 1.0}}","{'mild': {'count': 17, 'recall': 0.9411764705882353}, 'moderate': {'count': 30, 'recall': 0.8}, 'strong': {'count': 28, 'recall': 0.8214285714285714}}"
ecod,ml,False,0.15,2,500,75,0.140518,0.086068,0.15,1.0,0.26087,1.0,0.499725,0.581434,-43.88796066,"{'EXTREME_YOY_COLLAPSE': {'count': 13, 'recall': 1.0}, 'FUEL_PRICE_INVOICE_FRAUD': {'count': 12, 'recall': 1.0}, 'SCOPE1_UNDERREPORTING_FRAUD': {'count': 13, 'recall': 1.0}, 'SCOPE2_ELECTRICITY_MISMATCH': {'count': 10, 'recall': 1.0}, 'SCOPE_MATH_DISCREPANCY': {'count': 12, 'recall': 1.0}, 'SECTOR_INTENSITY_ANOMALY': {'count': 15, 'recall': 1.0}}","{'mild': {'count': 17, 'recall': 1.0}, 'moderate': {'count': 30, 'recall': 1.0}, 'strong': {'count': 28, 'recall': 1.0}}"
elliptic_envelope,statistical,False,0.15,2,500,75,1.0,1.0,1.0,1.0,1.0,0.0,0.140909,0.143451,6675.77765295,"{'EXTREME_YOY_COLLAPSE': {'count': 13, 'recall': 1.0}, 'FUEL_PRICE_INVOICE_FRAUD': {'count': 12, 'recall': 1.0}, 'SCOPE1_UNDERREPORTING_FRAUD': {'count': 13, 'recall': 1.0}, 'SCOPE2_ELECTRICITY_MISMATCH': {'count': 10, 'recall': 1.0}, 'SCOPE_MATH_DISCREPANCY': {'count': 12, 'recall': 1.0}, 'SECTOR_INTENSITY_ANOMALY': {'count': 15, 'recall': 1.0}}","{'mild': {'count': 17, 'recall': 1.0}, 'moderate': {'count': 30, 'recall': 1.0}, 'strong': {'count': 28, 'recall': 1.0}}"
gaussian_mixture,statistical,False,0.15,2,500,75,0.986322,0.944188,0.888889,0.853333,0.870748,0.018824,0.140366,0.142928,28.0632087,"{'EXTREME_YOY_COLLAPSE': {'count': 13, 'recall': 0.7692307692307693}, 'FUEL_PRICE_INVOICE_FRAUD': {'count': 12, 'recall': 0.9166666666666666}, 'SCOPE1_UNDERREPORTING_FRAUD': {'count': 13, 'recall': 0.6923076923076923}, 'SCOPE2_ELECTRICITY_MISMATCH': {'count': 10, 'recall': 0.7}, 'SCOPE_MATH_DISCREPANCY': {'count': 12, 'recall': 1.0}, 'SECTOR_INTENSITY_ANOMALY': {'count': 15, 'recall': 1.0}}","{'mild': {'count': 17, 'recall': 0.5294117647058824}, 'moderate': {'count': 30, 'recall': 0.9}, 'strong': {'count': 28, 'recall': 1.0}}"
gradient_boosting_ceiling,supervised,True,0.15,2,500,75,1.0,1.0,1.0,1.0,1.0,0.0,0.0,0.0,0.99996527,"{'EXTREME_YOY_COLLAPSE': {'count': 13, 'recall': 1.0}, 'FUEL_PRICE_INVOICE_FRAUD': {'count': 12, 'recall': 1.0}, 'SCOPE1_UNDERREPORTING_FRAUD': {'count': 13, 'recall': 1.0}, 'SCOPE2_ELECTRICITY_MISMATCH': {'count': 10, 'recall': 1.0}, 'SCOPE_MATH_DISCREPANCY': {'count': 12, 'recall': 1.0}, 'SECTOR_INTENSITY_ANOMALY': {'count': 15, 'recall': 1.0}}","{'mild': {'count': 17, 'recall': 1.0}, 'moderate': {'count': 30, 'recall': 1.0}, 'strong': {'count': 28, 'recall': 1.0}}"
hbos,statistical,False,0.15,2,500,75,0.953224,0.841198,0.84127,0.706667,0.768116,0.023529,0.079201,0.130971,23.94834608,"{'EXTREME_YOY_COLLAPSE': {'count': 13, 'recall': 0.5384615384615384}, 'FUEL_PRICE_INVOICE_FRAUD': {'count': 12, 'recall': 1.0}, 'SCOPE1_UNDERREPORTING_FRAUD': {'count': 13, 'recall': 0.46153846153846156}, 'SCOPE2_ELECTRICITY_MISMATCH': {'count': 10, 'recall': 0.7}, 'SCOPE_MATH_DISCREPANCY': {'count': 12, 'recall': 1.0}, 'SECTOR_INTENSITY_ANOMALY': {'count': 15, 'recall': 0.6}}","{'mild': {'count': 17, 'recall': 0.5294117647058824}, 'moderate': {'count': 30, 'recall': 0.6666666666666666}, 'strong': {'count': 28, 'recall': 0.8571428571428571}}"
iforest_pyod,ml,False,0.15,2,500,75,0.026322,0.080566,0.15,1.0,0.26087,1.0,0.625115,0.728558,-0.16649889,"{'EXTREME_YOY_COLLAPSE': {'count': 13, 'recall': 1.0}, 'FUEL_PRICE_INVOICE_FRAUD': {'count': 12, 'recall': 1.0}, 'SCOPE1_UNDERREPORTING_FRAUD': {'count': 13, 'recall': 1.0}, 'SCOPE2_ELECTRICITY_MISMATCH': {'count': 10, 'recall': 1.0}, 'SCOPE_MATH_DISCREPANCY': {'count': 12, 'recall': 1.0}, 'SECTOR_INTENSITY_ANOMALY': {'count': 15, 'recall': 1.0}}","{'mild': {'count': 17, 'recall': 1.0}, 'moderate': {'count': 30, 'recall': 1.0}, 'strong': {'count': 28, 'recall': 1.0}}"
isolation_forest,baseline,True,0.15,2,500,75,0.973678,0.897562,0.849315,0.826667,0.837838,0.025882,0.074293,0.161775,0.00339287,"{'EXTREME_YOY_COLLAPSE': {'count': 13, 'recall': 0.8461538461538461}, 'FUEL_PRICE_INVOICE_FRAUD': {'count': 12, 'recall': 1.0}, 'SCOPE1_UNDERREPORTING_FRAUD': {'count': 13, 'recall': 0.46153846153846156}, 'SCOPE2_ELECTRICITY_MISMATCH': {'count': 10, 'recall': 0.8}, 'SCOPE_MATH_DISCREPANCY': {'count': 12, 'recall': 1.0}, 'SECTOR_INTENSITY_ANOMALY': {'count': 15, 'recall': 0.8666666666666667}}","{'mild': {'count': 17, 'recall': 0.7058823529411765}, 'moderate': {'count': 30, 'recall': 0.7333333333333333}, 'strong': {'count': 28, 'recall': 1.0}}"
lof,ml,False,0.15,2,500,75,0.717616,0.552967,0.614035,0.466667,0.530303,0.051765,0.144187,0.144869,0.02320465,"{'EXTREME_YOY_COLLAPSE': {'count': 13, 'recall': 0.23076923076923078}, 'FUEL_PRICE_INVOICE_FRAUD': {'count': 12, 'recall': 0.5}, 'SCOPE1_UNDERREPORTING_FRAUD': {'count': 13, 'recall': 0.6923076923076923}, 'SCOPE2_ELECTRICITY_MISMATCH': {'count': 10, 'recall': 0.3}, 'SCOPE_MATH_DISCREPANCY': {'count': 12, 'recall': 1.0}, 'SECTOR_INTENSITY_ANOMALY': {'count': 15, 'recall': 0.13333333333333333}}","{'mild': {'count': 17, 'recall': 0.23529411764705882}, 'moderate': {'count': 30, 'recall': 0.5666666666666667}, 'strong': {'count': 28, 'recall': 0.5}}"
pca_qresidual,statistical,True,0.15,2,500,75,0.539514,0.177962,0.170213,0.96,0.289157,0.825882,0.160628,0.120814,0.54777557,"{'EXTREME_YOY_COLLAPSE': {'count': 13, 'recall': 0.9230769230769231}, 'FUEL_PRICE_INVOICE_FRAUD': {'count': 12, 'recall': 0.9166666666666666}, 'SCOPE1_UNDERREPORTING_FRAUD': {'count': 13, 'recall': 1.0}, 'SCOPE2_ELECTRICITY_MISMATCH': {'count': 10, 'recall': 1.0}, 'SCOPE_MATH_DISCREPANCY': {'count': 12, 'recall': 1.0}, 'SECTOR_INTENSITY_ANOMALY': {'count': 15, 'recall': 0.9333333333333333}}","{'mild': {'count': 17, 'recall': 1.0}, 'moderate': {'count': 30, 'recall': 0.9666666666666667}, 'strong': {'count': 28, 'recall': 0.9285714285714286}}"
robust_zscore,statistical,False,0.15,2,500,75,0.70491,0.521827,0.653061,0.426667,0.516129,0.04,0.135221,0.139336,22828558699.5439,"{'EXTREME_YOY_COLLAPSE': {'count': 13, 'recall': 0.3076923076923077}, 'FUEL_PRICE_INVOICE_FRAUD': {'count': 12, 'recall': 0.5}, 'SCOPE1_UNDERREPORTING_FRAUD': {'count': 13, 'recall': 0.3076923076923077}, 'SCOPE2_ELECTRICITY_MISMATCH': {'count': 10, 'recall': 0.4}, 'SCOPE_MATH_DISCREPANCY': {'count': 12, 'recall': 1.0}, 'SECTOR_INTENSITY_ANOMALY': {'count': 15, 'recall': 0.13333333333333333}}","{'mild': {'count': 17, 'recall': 0.4117647058823529}, 'moderate': {'count': 30, 'recall': 0.43333333333333335}, 'strong': {'count': 28, 'recall': 0.42857142857142855}}"
vae_dl,dl,False,0.15,2,500,75,0.0,0.080059,0.15,1.0,0.26087,1.0,0.856521,0.860628,-13054674.0,"{'EXTREME_YOY_COLLAPSE': {'count': 13, 'recall': 1.0}, 'FUEL_PRICE_INVOICE_FRAUD': {'count': 12, 'recall': 1.0}, 'SCOPE1_UNDERREPORTING_FRAUD': {'count': 13, 'recall': 1.0}, 'SCOPE2_ELECTRICITY_MISMATCH': {'count': 10, 'recall': 1.0}, 'SCOPE_MATH_DISCREPANCY': {'count': 12, 'recall': 1.0}, 'SECTOR_INTENSITY_ANOMALY': {'count': 15, 'recall': 1.0}}","{'mild': {'count': 17, 'recall': 1.0}, 'moderate': {'count': 30, 'recall': 1.0}, 'strong': {'count': 28, 'recall': 1.0}}"
autoencoder_dl,dl,False,0.05,3,500,75,0.0,0.080059,0.15,1.0,0.26087,1.0,0.854513,0.85687,-18916072.0,"{'EXTREME_YOY_COLLAPSE': {'count': 7, 'recall': 1.0}, 'FUEL_PRICE_INVOICE_FRAUD': {'count': 8, 'recall': 1.0}, 'SCOPE1_UNDERREPORTING_FRAUD': {'count': 17, 'recall': 1.0}, 'SCOPE2_ELECTRICITY_MISMATCH': {'count': 18, 'recall': 1.0}, 'SCOPE_MATH_DISCREPANCY': {'count': 10, 'recall': 1.0}, 'SECTOR_INTENSITY_ANOMALY': {'count': 15, 'recall': 1.0}}","{'mild': {'count': 24, 'recall': 1.0}, 'moderate': {'count': 31, 'recall': 1.0}, 'strong': {'count': 20, 'recall': 1.0}}"
copod,ml,False,0.05,3,500,75,0.115922,0.084985,0.15,1.0,0.26087,1.0,0.543461,0.630211,-40.80215504,"{'EXTREME_YOY_COLLAPSE': {'count': 7, 'recall': 1.0}, 'FUEL_PRICE_INVOICE_FRAUD': {'count': 8, 'recall': 1.0}, 'SCOPE1_UNDERREPORTING_FRAUD': {'count': 17, 'recall': 1.0}, 'SCOPE2_ELECTRICITY_MISMATCH': {'count': 18, 'recall': 1.0}, 'SCOPE_MATH_DISCREPANCY': {'count': 10, 'recall': 1.0}, 'SECTOR_INTENSITY_ANOMALY': {'count': 15, 'recall': 1.0}}","{'mild': {'count': 24, 'recall': 1.0}, 'moderate': {'count': 31, 'recall': 1.0}, 'strong': {'count': 20, 'recall': 1.0}}"
deep_svdd_dl,dl,False,0.05,3,500,75,0.866667,0.885634,1.0,0.866667,0.928571,0.0,0.852966,0.853518,-1638800000.0,"{'EXTREME_YOY_COLLAPSE': {'count': 7, 'recall': 1.0}, 'FUEL_PRICE_INVOICE_FRAUD': {'count': 8, 'recall': 1.0}, 'SCOPE1_UNDERREPORTING_FRAUD': {'count': 17, 'recall': 1.0}, 'SCOPE2_ELECTRICITY_MISMATCH': {'count': 18, 'recall': 1.0}, 'SCOPE_MATH_DISCREPANCY': {'count': 10, 'recall': 0.0}, 'SECTOR_INTENSITY_ANOMALY': {'count': 15, 'recall': 1.0}}","{'mild': {'count': 24, 'recall': 0.875}, 'moderate': {'count': 31, 'recall': 0.8709677419354839}, 'strong': {'count': 20, 'recall': 0.85}}"
ecod,ml,False,0.05,3,500,75,0.202227,0.091077,0.15,1.0,0.26087,1.0,0.510727,0.592161,-47.93056423,"{'EXTREME_YOY_COLLAPSE': {'count': 7, 'recall': 1.0}, 'FUEL_PRICE_INVOICE_FRAUD': {'count': 8, 'recall': 1.0}, 'SCOPE1_UNDERREPORTING_FRAUD': {'count': 17, 'recall': 1.0}, 'SCOPE2_ELECTRICITY_MISMATCH': {'count': 18, 'recall': 1.0}, 'SCOPE_MATH_DISCREPANCY': {'count': 10, 'recall': 1.0}, 'SECTOR_INTENSITY_ANOMALY': {'count': 15, 'recall': 1.0}}","{'mild': {'count': 24, 'recall': 1.0}, 'moderate': {'count': 31, 'recall': 1.0}, 'strong': {'count': 20, 'recall': 1.0}}"
elliptic_envelope,statistical,False,0.05,3,500,75,1.0,1.0,1.0,1.0,1.0,0.0,0.143988,0.145487,-2801732.53368994,"{'EXTREME_YOY_COLLAPSE': {'count': 7, 'recall': 1.0}, 'FUEL_PRICE_INVOICE_FRAUD': {'count': 8, 'recall': 1.0}, 'SCOPE1_UNDERREPORTING_FRAUD': {'count': 17, 'recall': 1.0}, 'SCOPE2_ELECTRICITY_MISMATCH': {'count': 18, 'recall': 1.0}, 'SCOPE_MATH_DISCREPANCY': {'count': 10, 'recall': 1.0}, 'SECTOR_INTENSITY_ANOMALY': {'count': 15, 'recall': 1.0}}","{'mild': {'count': 24, 'recall': 1.0}, 'moderate': {'count': 31, 'recall': 1.0}, 'strong': {'count': 20, 'recall': 1.0}}"
gaussian_mixture,statistical,False,0.05,3,500,75,0.987765,0.94847,0.839506,0.906667,0.871795,0.030588,0.144088,0.145722,26.59886013,"{'EXTREME_YOY_COLLAPSE': {'count': 7, 'recall': 0.7142857142857143}, 'FUEL_PRICE_INVOICE_FRAUD': {'count': 8, 'recall': 1.0}, 'SCOPE1_UNDERREPORTING_FRAUD': {'count': 17, 'recall': 0.9411764705882353}, 'SCOPE2_ELECTRICITY_MISMATCH': {'count': 18, 'recall': 0.8333333333333334}, 'SCOPE_MATH_DISCREPANCY': {'count': 10, 'recall': 1.0}, 'SECTOR_INTENSITY_ANOMALY': {'count': 15, 'recall': 0.9333333333333333}}","{'mild': {'count': 24, 'recall': 0.7916666666666666}, 'moderate': {'count': 31, 'recall': 0.9354838709677419}, 'strong': {'count': 20, 'recall': 1.0}}"
gradient_boosting_ceiling,supervised,True,0.05,3,500,75,1.0,1.0,1.0,1.0,1.0,0.0,0.000105,0.000458,0.77090848,"{'EXTREME_YOY_COLLAPSE': {'count': 7, 'recall': 1.0}, 'FUEL_PRICE_INVOICE_FRAUD': {'count': 8, 'recall': 1.0}, 'SCOPE1_UNDERREPORTING_FRAUD': {'count': 17, 'recall': 1.0}, 'SCOPE2_ELECTRICITY_MISMATCH': {'count': 18, 'recall': 1.0}, 'SCOPE_MATH_DISCREPANCY': {'count': 10, 'recall': 1.0}, 'SECTOR_INTENSITY_ANOMALY': {'count': 15, 'recall': 1.0}}","{'mild': {'count': 24, 'recall': 1.0}, 'moderate': {'count': 31, 'recall': 1.0}, 'strong': {'count': 20, 'recall': 1.0}}"
hbos,statistical,False,0.05,3,500,75,0.941553,0.776669,0.731343,0.653333,0.690141,0.042353,0.082167,0.117553,23.57525591,"{'EXTREME_YOY_COLLAPSE': {'count': 7, 'recall': 0.42857142857142855}, 'FUEL_PRICE_INVOICE_FRAUD': {'count': 8, 'recall': 1.0}, 'SCOPE1_UNDERREPORTING_FRAUD': {'count': 17, 'recall': 0.6470588235294118}, 'SCOPE2_ELECTRICITY_MISMATCH': {'count': 18, 'recall': 0.6666666666666666}, 'SCOPE_MATH_DISCREPANCY': {'count': 10, 'recall': 1.0}, 'SECTOR_INTENSITY_ANOMALY': {'count': 15, 'recall': 0.3333333333333333}}","{'mild': {'count': 24, 'recall': 0.5833333333333334}, 'moderate': {'count': 31, 'recall': 0.7419354838709677}, 'strong': {'count': 20, 'recall': 0.6}}"
iforest_pyod,ml,False,0.05,3,500,75,0.039467,0.081335,0.15,1.0,0.26087,1.0,0.650897,0.719276,-0.14485221,"{'EXTREME_YOY_COLLAPSE': {'count': 7, 'recall': 1.0}, 'FUEL_PRICE_INVOICE_FRAUD': {'count': 8, 'recall': 1.0}, 'SCOPE1_UNDERREPORTING_FRAUD': {'count': 17, 'recall': 1.0}, 'SCOPE2_ELECTRICITY_MISMATCH': {'count': 18, 'recall': 1.0}, 'SCOPE_MATH_DISCREPANCY': {'count': 10, 'recall': 1.0}, 'SECTOR_INTENSITY_ANOMALY': {'count': 15, 'recall': 1.0}}","{'mild': {'count': 24, 'recall': 1.0}, 'moderate': {'count': 31, 'recall': 1.0}, 'strong': {'count': 20, 'recall': 1.0}}"
isolation_forest,baseline,True,0.05,3,500,75,0.960533,0.805984,0.734177,0.773333,0.753247,0.049412,0.080484,0.131127,-0.05324838,"{'EXTREME_YOY_COLLAPSE': {'count': 7, 'recall': 0.42857142857142855}, 'FUEL_PRICE_INVOICE_FRAUD': {'count': 8, 'recall': 1.0}, 'SCOPE1_UNDERREPORTING_FRAUD': {'count': 17, 'recall': 0.6470588235294118}, 'SCOPE2_ELECTRICITY_MISMATCH': {'count': 18, 'recall': 0.6666666666666666}, 'SCOPE_MATH_DISCREPANCY': {'count': 10, 'recall': 1.0}, 'SECTOR_INTENSITY_ANOMALY': {'count': 15, 'recall': 0.9333333333333333}}","{'mild': {'count': 24, 'recall': 0.7083333333333334}, 'moderate': {'count': 31, 'recall': 0.7741935483870968}, 'strong': {'count': 20, 'recall': 0.85}}"
lof,ml,False,0.05,3,500,75,0.843702,0.639971,0.505495,0.613333,0.554217,0.105882,0.143694,0.144808,-0.13343081,"{'EXTREME_YOY_COLLAPSE': {'count': 7, 'recall': 0.7142857142857143}, 'FUEL_PRICE_INVOICE_FRAUD': {'count': 8, 'recall': 0.75}, 'SCOPE1_UNDERREPORTING_FRAUD': {'count': 17, 'recall': 0.7058823529411765}, 'SCOPE2_ELECTRICITY_MISMATCH': {'count': 18, 'recall': 0.7222222222222222}, 'SCOPE_MATH_DISCREPANCY': {'count': 10, 'recall': 0.6}, 'SECTOR_INTENSITY_ANOMALY': {'count': 15, 'recall': 0.26666666666666666}}","{'mild': {'count': 24, 'recall': 0.7083333333333334}, 'moderate': {'count': 31, 'recall': 0.5806451612903226}, 'strong': {'count': 20, 'recall': 0.55}}"
pca_qresidual,statistical,True,0.05,3,500,75,0.525647,0.159585,0.176322,0.933333,0.29661,0.769412,0.153051,0.098456,0.65312806,"{'EXTREME_YOY_COLLAPSE': {'count': 7, 'recall': 1.0}, 'FUEL_PRICE_INVOICE_FRAUD': {'count': 8, 'recall': 1.0}, 'SCOPE1_UNDERREPORTING_FRAUD': {'count': 17, 'recall': 0.8823529411764706}, 'SCOPE2_ELECTRICITY_MISMATCH': {'count': 18, 'recall': 0.8333333333333334}, 'SCOPE_MATH_DISCREPANCY': {'count': 10, 'recall': 1.0}, 'SECTOR_INTENSITY_ANOMALY': {'count': 15, 'recall': 1.0}}","{'mild': {'count': 24, 'recall': 0.8333333333333334}, 'moderate': {'count': 31, 'recall': 1.0}, 'strong': {'count': 20, 'recall': 0.95}}"
robust_zscore,statistical,False,0.05,3,500,75,0.64651,0.420325,1.0,0.253333,0.404255,0.0,0.139522,0.142504,38189063987.677185,"{'EXTREME_YOY_COLLAPSE': {'count': 7, 'recall': 0.14285714285714285}, 'FUEL_PRICE_INVOICE_FRAUD': {'count': 8, 'recall': 0.25}, 'SCOPE1_UNDERREPORTING_FRAUD': {'count': 17, 'recall': 0.11764705882352941}, 'SCOPE2_ELECTRICITY_MISMATCH': {'count': 18, 'recall': 0.16666666666666666}, 'SCOPE_MATH_DISCREPANCY': {'count': 10, 'recall': 1.0}, 'SECTOR_INTENSITY_ANOMALY': {'count': 15, 'recall': 0.06666666666666667}}","{'mild': {'count': 24, 'recall': 0.20833333333333334}, 'moderate': {'count': 31, 'recall': 0.22580645161290322}, 'strong': {'count': 20, 'recall': 0.35}}"
vae_dl,dl,False,0.05,3,500,75,0.0,0.080059,0.15,1.0,0.26087,1.0,0.854495,0.856862,-15822423.0,"{'EXTREME_YOY_COLLAPSE': {'count': 7, 'recall': 1.0}, 'FUEL_PRICE_INVOICE_FRAUD': {'count': 8, 'recall': 1.0}, 'SCOPE1_UNDERREPORTING_FRAUD': {'count': 17, 'recall': 1.0}, 'SCOPE2_ELECTRICITY_MISMATCH': {'count': 18, 'recall': 1.0}, 'SCOPE_MATH_DISCREPANCY': {'count': 10, 'recall': 1.0}, 'SECTOR_INTENSITY_ANOMALY': {'count': 15, 'recall': 1.0}}","{'mild': {'count': 24, 'recall': 1.0}, 'moderate': {'count': 31, 'recall': 1.0}, 'strong': {'count': 20, 'recall': 1.0}}"
autoencoder_dl,dl,False,0.1,3,500,75,0.0,0.080059,0.15,1.0,0.26087,1.0,0.854513,0.85687,-18916072.0,"{'EXTREME_YOY_COLLAPSE': {'count': 7, 'recall': 1.0}, 'FUEL_PRICE_INVOICE_FRAUD': {'count': 8, 'recall': 1.0}, 'SCOPE1_UNDERREPORTING_FRAUD': {'count': 17, 'recall': 1.0}, 'SCOPE2_ELECTRICITY_MISMATCH': {'count': 18, 'recall': 1.0}, 'SCOPE_MATH_DISCREPANCY': {'count': 10, 'recall': 1.0}, 'SECTOR_INTENSITY_ANOMALY': {'count': 15, 'recall': 1.0}}","{'mild': {'count': 24, 'recall': 1.0}, 'moderate': {'count': 31, 'recall': 1.0}, 'strong': {'count': 20, 'recall': 1.0}}"
copod,ml,False,0.1,3,500,75,0.115922,0.084985,0.15,1.0,0.26087,1.0,0.543461,0.630211,-40.80215504,"{'EXTREME_YOY_COLLAPSE': {'count': 7, 'recall': 1.0}, 'FUEL_PRICE_INVOICE_FRAUD': {'count': 8, 'recall': 1.0}, 'SCOPE1_UNDERREPORTING_FRAUD': {'count': 17, 'recall': 1.0}, 'SCOPE2_ELECTRICITY_MISMATCH': {'count': 18, 'recall': 1.0}, 'SCOPE_MATH_DISCREPANCY': {'count': 10, 'recall': 1.0}, 'SECTOR_INTENSITY_ANOMALY': {'count': 15, 'recall': 1.0}}","{'mild': {'count': 24, 'recall': 1.0}, 'moderate': {'count': 31, 'recall': 1.0}, 'strong': {'count': 20, 'recall': 1.0}}"
deep_svdd_dl,dl,False,0.1,3,500,75,0.866667,0.885634,1.0,0.866667,0.928571,0.0,0.852966,0.853518,-1638800000.0,"{'EXTREME_YOY_COLLAPSE': {'count': 7, 'recall': 1.0}, 'FUEL_PRICE_INVOICE_FRAUD': {'count': 8, 'recall': 1.0}, 'SCOPE1_UNDERREPORTING_FRAUD': {'count': 17, 'recall': 1.0}, 'SCOPE2_ELECTRICITY_MISMATCH': {'count': 18, 'recall': 1.0}, 'SCOPE_MATH_DISCREPANCY': {'count': 10, 'recall': 0.0}, 'SECTOR_INTENSITY_ANOMALY': {'count': 15, 'recall': 1.0}}","{'mild': {'count': 24, 'recall': 0.875}, 'moderate': {'count': 31, 'recall': 0.8709677419354839}, 'strong': {'count': 20, 'recall': 0.85}}"
ecod,ml,False,0.1,3,500,75,0.202227,0.091077,0.15,1.0,0.26087,1.0,0.510727,0.592161,-47.93056423,"{'EXTREME_YOY_COLLAPSE': {'count': 7, 'recall': 1.0}, 'FUEL_PRICE_INVOICE_FRAUD': {'count': 8, 'recall': 1.0}, 'SCOPE1_UNDERREPORTING_FRAUD': {'count': 17, 'recall': 1.0}, 'SCOPE2_ELECTRICITY_MISMATCH': {'count': 18, 'recall': 1.0}, 'SCOPE_MATH_DISCREPANCY': {'count': 10, 'recall': 1.0}, 'SECTOR_INTENSITY_ANOMALY': {'count': 15, 'recall': 1.0}}","{'mild': {'count': 24, 'recall': 1.0}, 'moderate': {'count': 31, 'recall': 1.0}, 'strong': {'count': 20, 'recall': 1.0}}"
elliptic_envelope,statistical,False,0.1,3,500,75,1.0,1.0,1.0,1.0,1.0,0.0,0.143988,0.145487,-85110.82083674,"{'EXTREME_YOY_COLLAPSE': {'count': 7, 'recall': 1.0}, 'FUEL_PRICE_INVOICE_FRAUD': {'count': 8, 'recall': 1.0}, 'SCOPE1_UNDERREPORTING_FRAUD': {'count': 17, 'recall': 1.0}, 'SCOPE2_ELECTRICITY_MISMATCH': {'count': 18, 'recall': 1.0}, 'SCOPE_MATH_DISCREPANCY': {'count': 10, 'recall': 1.0}, 'SECTOR_INTENSITY_ANOMALY': {'count': 15, 'recall': 1.0}}","{'mild': {'count': 24, 'recall': 1.0}, 'moderate': {'count': 31, 'recall': 1.0}, 'strong': {'count': 20, 'recall': 1.0}}"
gaussian_mixture,statistical,False,0.1,3,500,75,0.987765,0.94847,0.839506,0.906667,0.871795,0.030588,0.144088,0.145722,26.59886013,"{'EXTREME_YOY_COLLAPSE': {'count': 7, 'recall': 0.7142857142857143}, 'FUEL_PRICE_INVOICE_FRAUD': {'count': 8, 'recall': 1.0}, 'SCOPE1_UNDERREPORTING_FRAUD': {'count': 17, 'recall': 0.9411764705882353}, 'SCOPE2_ELECTRICITY_MISMATCH': {'count': 18, 'recall': 0.8333333333333334}, 'SCOPE_MATH_DISCREPANCY': {'count': 10, 'recall': 1.0}, 'SECTOR_INTENSITY_ANOMALY': {'count': 15, 'recall': 0.9333333333333333}}","{'mild': {'count': 24, 'recall': 0.7916666666666666}, 'moderate': {'count': 31, 'recall': 0.9354838709677419}, 'strong': {'count': 20, 'recall': 1.0}}"
gradient_boosting_ceiling,supervised,True,0.1,3,500,75,1.0,1.0,1.0,1.0,1.0,0.0,0.000105,0.000458,0.77090848,"{'EXTREME_YOY_COLLAPSE': {'count': 7, 'recall': 1.0}, 'FUEL_PRICE_INVOICE_FRAUD': {'count': 8, 'recall': 1.0}, 'SCOPE1_UNDERREPORTING_FRAUD': {'count': 17, 'recall': 1.0}, 'SCOPE2_ELECTRICITY_MISMATCH': {'count': 18, 'recall': 1.0}, 'SCOPE_MATH_DISCREPANCY': {'count': 10, 'recall': 1.0}, 'SECTOR_INTENSITY_ANOMALY': {'count': 15, 'recall': 1.0}}","{'mild': {'count': 24, 'recall': 1.0}, 'moderate': {'count': 31, 'recall': 1.0}, 'strong': {'count': 20, 'recall': 1.0}}"
hbos,statistical,False,0.1,3,500,75,0.941553,0.776669,0.731343,0.653333,0.690141,0.042353,0.082167,0.117553,23.57525591,"{'EXTREME_YOY_COLLAPSE': {'count': 7, 'recall': 0.42857142857142855}, 'FUEL_PRICE_INVOICE_FRAUD': {'count': 8, 'recall': 1.0}, 'SCOPE1_UNDERREPORTING_FRAUD': {'count': 17, 'recall': 0.6470588235294118}, 'SCOPE2_ELECTRICITY_MISMATCH': {'count': 18, 'recall': 0.6666666666666666}, 'SCOPE_MATH_DISCREPANCY': {'count': 10, 'recall': 1.0}, 'SECTOR_INTENSITY_ANOMALY': {'count': 15, 'recall': 0.3333333333333333}}","{'mild': {'count': 24, 'recall': 0.5833333333333334}, 'moderate': {'count': 31, 'recall': 0.7419354838709677}, 'strong': {'count': 20, 'recall': 0.6}}"
iforest_pyod,ml,False,0.1,3,500,75,0.039467,0.081335,0.15,1.0,0.26087,1.0,0.650897,0.719276,-0.17691212,"{'EXTREME_YOY_COLLAPSE': {'count': 7, 'recall': 1.0}, 'FUEL_PRICE_INVOICE_FRAUD': {'count': 8, 'recall': 1.0}, 'SCOPE1_UNDERREPORTING_FRAUD': {'count': 17, 'recall': 1.0}, 'SCOPE2_ELECTRICITY_MISMATCH': {'count': 18, 'recall': 1.0}, 'SCOPE_MATH_DISCREPANCY': {'count': 10, 'recall': 1.0}, 'SECTOR_INTENSITY_ANOMALY': {'count': 15, 'recall': 1.0}}","{'mild': {'count': 24, 'recall': 1.0}, 'moderate': {'count': 31, 'recall': 1.0}, 'strong': {'count': 20, 'recall': 1.0}}"
isolation_forest,baseline,True,0.1,3,500,75,0.960533,0.805984,0.734177,0.773333,0.753247,0.049412,0.080484,0.131127,-0.02118848,"{'EXTREME_YOY_COLLAPSE': {'count': 7, 'recall': 0.42857142857142855}, 'FUEL_PRICE_INVOICE_FRAUD': {'count': 8, 'recall': 1.0}, 'SCOPE1_UNDERREPORTING_FRAUD': {'count': 17, 'recall': 0.6470588235294118}, 'SCOPE2_ELECTRICITY_MISMATCH': {'count': 18, 'recall': 0.6666666666666666}, 'SCOPE_MATH_DISCREPANCY': {'count': 10, 'recall': 1.0}, 'SECTOR_INTENSITY_ANOMALY': {'count': 15, 'recall': 0.9333333333333333}}","{'mild': {'count': 24, 'recall': 0.7083333333333334}, 'moderate': {'count': 31, 'recall': 0.7741935483870968}, 'strong': {'count': 20, 'recall': 0.85}}"
lof,ml,False,0.1,3,500,75,0.843702,0.639971,0.505495,0.613333,0.554217,0.105882,0.143694,0.144808,-0.04413801,"{'EXTREME_YOY_COLLAPSE': {'count': 7, 'recall': 0.7142857142857143}, 'FUEL_PRICE_INVOICE_FRAUD': {'count': 8, 'recall': 0.75}, 'SCOPE1_UNDERREPORTING_FRAUD': {'count': 17, 'recall': 0.7058823529411765}, 'SCOPE2_ELECTRICITY_MISMATCH': {'count': 18, 'recall': 0.7222222222222222}, 'SCOPE_MATH_DISCREPANCY': {'count': 10, 'recall': 0.6}, 'SECTOR_INTENSITY_ANOMALY': {'count': 15, 'recall': 0.26666666666666666}}","{'mild': {'count': 24, 'recall': 0.7083333333333334}, 'moderate': {'count': 31, 'recall': 0.5806451612903226}, 'strong': {'count': 20, 'recall': 0.55}}"
pca_qresidual,statistical,True,0.1,3,500,75,0.525647,0.159585,0.176322,0.933333,0.29661,0.769412,0.153051,0.098456,0.65312806,"{'EXTREME_YOY_COLLAPSE': {'count': 7, 'recall': 1.0}, 'FUEL_PRICE_INVOICE_FRAUD': {'count': 8, 'recall': 1.0}, 'SCOPE1_UNDERREPORTING_FRAUD': {'count': 17, 'recall': 0.8823529411764706}, 'SCOPE2_ELECTRICITY_MISMATCH': {'count': 18, 'recall': 0.8333333333333334}, 'SCOPE_MATH_DISCREPANCY': {'count': 10, 'recall': 1.0}, 'SECTOR_INTENSITY_ANOMALY': {'count': 15, 'recall': 1.0}}","{'mild': {'count': 24, 'recall': 0.8333333333333334}, 'moderate': {'count': 31, 'recall': 1.0}, 'strong': {'count': 20, 'recall': 0.95}}"
robust_zscore,statistical,False,0.1,3,500,75,0.64651,0.420325,1.0,0.253333,0.404255,0.0,0.139522,0.142504,38189063987.677185,"{'EXTREME_YOY_COLLAPSE': {'count': 7, 'recall': 0.14285714285714285}, 'FUEL_PRICE_INVOICE_FRAUD': {'count': 8, 'recall': 0.25}, 'SCOPE1_UNDERREPORTING_FRAUD': {'count': 17, 'recall': 0.11764705882352941}, 'SCOPE2_ELECTRICITY_MISMATCH': {'count': 18, 'recall': 0.16666666666666666}, 'SCOPE_MATH_DISCREPANCY': {'count': 10, 'recall': 1.0}, 'SECTOR_INTENSITY_ANOMALY': {'count': 15, 'recall': 0.06666666666666667}}","{'mild': {'count': 24, 'recall': 0.20833333333333334}, 'moderate': {'count': 31, 'recall': 0.22580645161290322}, 'strong': {'count': 20, 'recall': 0.35}}"
vae_dl,dl,False,0.1,3,500,75,0.0,0.080059,0.15,1.0,0.26087,1.0,0.854495,0.856862,-15822423.0,"{'EXTREME_YOY_COLLAPSE': {'count': 7, 'recall': 1.0}, 'FUEL_PRICE_INVOICE_FRAUD': {'count': 8, 'recall': 1.0}, 'SCOPE1_UNDERREPORTING_FRAUD': {'count': 17, 'recall': 1.0}, 'SCOPE2_ELECTRICITY_MISMATCH': {'count': 18, 'recall': 1.0}, 'SCOPE_MATH_DISCREPANCY': {'count': 10, 'recall': 1.0}, 'SECTOR_INTENSITY_ANOMALY': {'count': 15, 'recall': 1.0}}","{'mild': {'count': 24, 'recall': 1.0}, 'moderate': {'count': 31, 'recall': 1.0}, 'strong': {'count': 20, 'recall': 1.0}}"
autoencoder_dl,dl,False,0.15,3,500,75,0.0,0.080059,0.15,1.0,0.26087,1.0,0.854513,0.85687,-18916072.0,"{'EXTREME_YOY_COLLAPSE': {'count': 7, 'recall': 1.0}, 'FUEL_PRICE_INVOICE_FRAUD': {'count': 8, 'recall': 1.0}, 'SCOPE1_UNDERREPORTING_FRAUD': {'count': 17, 'recall': 1.0}, 'SCOPE2_ELECTRICITY_MISMATCH': {'count': 18, 'recall': 1.0}, 'SCOPE_MATH_DISCREPANCY': {'count': 10, 'recall': 1.0}, 'SECTOR_INTENSITY_ANOMALY': {'count': 15, 'recall': 1.0}}","{'mild': {'count': 24, 'recall': 1.0}, 'moderate': {'count': 31, 'recall': 1.0}, 'strong': {'count': 20, 'recall': 1.0}}"
copod,ml,False,0.15,3,500,75,0.115922,0.084985,0.15,1.0,0.26087,1.0,0.543461,0.630211,-40.80215504,"{'EXTREME_YOY_COLLAPSE': {'count': 7, 'recall': 1.0}, 'FUEL_PRICE_INVOICE_FRAUD': {'count': 8, 'recall': 1.0}, 'SCOPE1_UNDERREPORTING_FRAUD': {'count': 17, 'recall': 1.0}, 'SCOPE2_ELECTRICITY_MISMATCH': {'count': 18, 'recall': 1.0}, 'SCOPE_MATH_DISCREPANCY': {'count': 10, 'recall': 1.0}, 'SECTOR_INTENSITY_ANOMALY': {'count': 15, 'recall': 1.0}}","{'mild': {'count': 24, 'recall': 1.0}, 'moderate': {'count': 31, 'recall': 1.0}, 'strong': {'count': 20, 'recall': 1.0}}"
deep_svdd_dl,dl,False,0.15,3,500,75,0.866667,0.885634,1.0,0.866667,0.928571,0.0,0.852966,0.853518,-1638800000.0,"{'EXTREME_YOY_COLLAPSE': {'count': 7, 'recall': 1.0}, 'FUEL_PRICE_INVOICE_FRAUD': {'count': 8, 'recall': 1.0}, 'SCOPE1_UNDERREPORTING_FRAUD': {'count': 17, 'recall': 1.0}, 'SCOPE2_ELECTRICITY_MISMATCH': {'count': 18, 'recall': 1.0}, 'SCOPE_MATH_DISCREPANCY': {'count': 10, 'recall': 0.0}, 'SECTOR_INTENSITY_ANOMALY': {'count': 15, 'recall': 1.0}}","{'mild': {'count': 24, 'recall': 0.875}, 'moderate': {'count': 31, 'recall': 0.8709677419354839}, 'strong': {'count': 20, 'recall': 0.85}}"
ecod,ml,False,0.15,3,500,75,0.202227,0.091077,0.15,1.0,0.26087,1.0,0.510727,0.592161,-47.93056423,"{'EXTREME_YOY_COLLAPSE': {'count': 7, 'recall': 1.0}, 'FUEL_PRICE_INVOICE_FRAUD': {'count': 8, 'recall': 1.0}, 'SCOPE1_UNDERREPORTING_FRAUD': {'count': 17, 'recall': 1.0}, 'SCOPE2_ELECTRICITY_MISMATCH': {'count': 18, 'recall': 1.0}, 'SCOPE_MATH_DISCREPANCY': {'count': 10, 'recall': 1.0}, 'SECTOR_INTENSITY_ANOMALY': {'count': 15, 'recall': 1.0}}","{'mild': {'count': 24, 'recall': 1.0}, 'moderate': {'count': 31, 'recall': 1.0}, 'strong': {'count': 20, 'recall': 1.0}}"
elliptic_envelope,statistical,False,0.15,3,500,75,1.0,1.0,1.0,1.0,1.0,0.0,0.143988,0.145487,2768.82775629,"{'EXTREME_YOY_COLLAPSE': {'count': 7, 'recall': 1.0}, 'FUEL_PRICE_INVOICE_FRAUD': {'count': 8, 'recall': 1.0}, 'SCOPE1_UNDERREPORTING_FRAUD': {'count': 17, 'recall': 1.0}, 'SCOPE2_ELECTRICITY_MISMATCH': {'count': 18, 'recall': 1.0}, 'SCOPE_MATH_DISCREPANCY': {'count': 10, 'recall': 1.0}, 'SECTOR_INTENSITY_ANOMALY': {'count': 15, 'recall': 1.0}}","{'mild': {'count': 24, 'recall': 1.0}, 'moderate': {'count': 31, 'recall': 1.0}, 'strong': {'count': 20, 'recall': 1.0}}"
gaussian_mixture,statistical,False,0.15,3,500,75,0.987765,0.94847,0.839506,0.906667,0.871795,0.030588,0.144088,0.145722,26.59886013,"{'EXTREME_YOY_COLLAPSE': {'count': 7, 'recall': 0.7142857142857143}, 'FUEL_PRICE_INVOICE_FRAUD': {'count': 8, 'recall': 1.0}, 'SCOPE1_UNDERREPORTING_FRAUD': {'count': 17, 'recall': 0.9411764705882353}, 'SCOPE2_ELECTRICITY_MISMATCH': {'count': 18, 'recall': 0.8333333333333334}, 'SCOPE_MATH_DISCREPANCY': {'count': 10, 'recall': 1.0}, 'SECTOR_INTENSITY_ANOMALY': {'count': 15, 'recall': 0.9333333333333333}}","{'mild': {'count': 24, 'recall': 0.7916666666666666}, 'moderate': {'count': 31, 'recall': 0.9354838709677419}, 'strong': {'count': 20, 'recall': 1.0}}"
gradient_boosting_ceiling,supervised,True,0.15,3,500,75,1.0,1.0,1.0,1.0,1.0,0.0,0.000105,0.000458,0.77090848,"{'EXTREME_YOY_COLLAPSE': {'count': 7, 'recall': 1.0}, 'FUEL_PRICE_INVOICE_FRAUD': {'count': 8, 'recall': 1.0}, 'SCOPE1_UNDERREPORTING_FRAUD': {'count': 17, 'recall': 1.0}, 'SCOPE2_ELECTRICITY_MISMATCH': {'count': 18, 'recall': 1.0}, 'SCOPE_MATH_DISCREPANCY': {'count': 10, 'recall': 1.0}, 'SECTOR_INTENSITY_ANOMALY': {'count': 15, 'recall': 1.0}}","{'mild': {'count': 24, 'recall': 1.0}, 'moderate': {'count': 31, 'recall': 1.0}, 'strong': {'count': 20, 'recall': 1.0}}"
hbos,statistical,False,0.15,3,500,75,0.941553,0.776669,0.731343,0.653333,0.690141,0.042353,0.082167,0.117553,23.57525591,"{'EXTREME_YOY_COLLAPSE': {'count': 7, 'recall': 0.42857142857142855}, 'FUEL_PRICE_INVOICE_FRAUD': {'count': 8, 'recall': 1.0}, 'SCOPE1_UNDERREPORTING_FRAUD': {'count': 17, 'recall': 0.6470588235294118}, 'SCOPE2_ELECTRICITY_MISMATCH': {'count': 18, 'recall': 0.6666666666666666}, 'SCOPE_MATH_DISCREPANCY': {'count': 10, 'recall': 1.0}, 'SECTOR_INTENSITY_ANOMALY': {'count': 15, 'recall': 0.3333333333333333}}","{'mild': {'count': 24, 'recall': 0.5833333333333334}, 'moderate': {'count': 31, 'recall': 0.7419354838709677}, 'strong': {'count': 20, 'recall': 0.6}}"
iforest_pyod,ml,False,0.15,3,500,75,0.039467,0.081335,0.15,1.0,0.26087,1.0,0.650897,0.719276,-0.19462448,"{'EXTREME_YOY_COLLAPSE': {'count': 7, 'recall': 1.0}, 'FUEL_PRICE_INVOICE_FRAUD': {'count': 8, 'recall': 1.0}, 'SCOPE1_UNDERREPORTING_FRAUD': {'count': 17, 'recall': 1.0}, 'SCOPE2_ELECTRICITY_MISMATCH': {'count': 18, 'recall': 1.0}, 'SCOPE_MATH_DISCREPANCY': {'count': 10, 'recall': 1.0}, 'SECTOR_INTENSITY_ANOMALY': {'count': 15, 'recall': 1.0}}","{'mild': {'count': 24, 'recall': 1.0}, 'moderate': {'count': 31, 'recall': 1.0}, 'strong': {'count': 20, 'recall': 1.0}}"
isolation_forest,baseline,True,0.15,3,500,75,0.960533,0.805984,0.734177,0.773333,0.753247,0.049412,0.080484,0.131127,-0.00347611,"{'EXTREME_YOY_COLLAPSE': {'count': 7, 'recall': 0.42857142857142855}, 'FUEL_PRICE_INVOICE_FRAUD': {'count': 8, 'recall': 1.0}, 'SCOPE1_UNDERREPORTING_FRAUD': {'count': 17, 'recall': 0.6470588235294118}, 'SCOPE2_ELECTRICITY_MISMATCH': {'count': 18, 'recall': 0.6666666666666666}, 'SCOPE_MATH_DISCREPANCY': {'count': 10, 'recall': 1.0}, 'SECTOR_INTENSITY_ANOMALY': {'count': 15, 'recall': 0.9333333333333333}}","{'mild': {'count': 24, 'recall': 0.7083333333333334}, 'moderate': {'count': 31, 'recall': 0.7741935483870968}, 'strong': {'count': 20, 'recall': 0.85}}"
lof,ml,False,0.15,3,500,75,0.843702,0.639971,0.505495,0.613333,0.554217,0.105882,0.143694,0.144808,-0.01030609,"{'EXTREME_YOY_COLLAPSE': {'count': 7, 'recall': 0.7142857142857143}, 'FUEL_PRICE_INVOICE_FRAUD': {'count': 8, 'recall': 0.75}, 'SCOPE1_UNDERREPORTING_FRAUD': {'count': 17, 'recall': 0.7058823529411765}, 'SCOPE2_ELECTRICITY_MISMATCH': {'count': 18, 'recall': 0.7222222222222222}, 'SCOPE_MATH_DISCREPANCY': {'count': 10, 'recall': 0.6}, 'SECTOR_INTENSITY_ANOMALY': {'count': 15, 'recall': 0.26666666666666666}}","{'mild': {'count': 24, 'recall': 0.7083333333333334}, 'moderate': {'count': 31, 'recall': 0.5806451612903226}, 'strong': {'count': 20, 'recall': 0.55}}"
pca_qresidual,statistical,True,0.15,3,500,75,0.525647,0.159585,0.176322,0.933333,0.29661,0.769412,0.153051,0.098456,0.65312806,"{'EXTREME_YOY_COLLAPSE': {'count': 7, 'recall': 1.0}, 'FUEL_PRICE_INVOICE_FRAUD': {'count': 8, 'recall': 1.0}, 'SCOPE1_UNDERREPORTING_FRAUD': {'count': 17, 'recall': 0.8823529411764706}, 'SCOPE2_ELECTRICITY_MISMATCH': {'count': 18, 'recall': 0.8333333333333334}, 'SCOPE_MATH_DISCREPANCY': {'count': 10, 'recall': 1.0}, 'SECTOR_INTENSITY_ANOMALY': {'count': 15, 'recall': 1.0}}","{'mild': {'count': 24, 'recall': 0.8333333333333334}, 'moderate': {'count': 31, 'recall': 1.0}, 'strong': {'count': 20, 'recall': 0.95}}"
robust_zscore,statistical,False,0.15,3,500,75,0.64651,0.420325,1.0,0.253333,0.404255,0.0,0.139522,0.142504,38189063987.677185,"{'EXTREME_YOY_COLLAPSE': {'count': 7, 'recall': 0.14285714285714285}, 'FUEL_PRICE_INVOICE_FRAUD': {'count': 8, 'recall': 0.25}, 'SCOPE1_UNDERREPORTING_FRAUD': {'count': 17, 'recall': 0.11764705882352941}, 'SCOPE2_ELECTRICITY_MISMATCH': {'count': 18, 'recall': 0.16666666666666666}, 'SCOPE_MATH_DISCREPANCY': {'count': 10, 'recall': 1.0}, 'SECTOR_INTENSITY_ANOMALY': {'count': 15, 'recall': 0.06666666666666667}}","{'mild': {'count': 24, 'recall': 0.20833333333333334}, 'moderate': {'count': 31, 'recall': 0.22580645161290322}, 'strong': {'count': 20, 'recall': 0.35}}"
vae_dl,dl,False,0.15,3,500,75,0.0,0.080059,0.15,1.0,0.26087,1.0,0.854495,0.856862,-15822423.0,"{'EXTREME_YOY_COLLAPSE': {'count': 7, 'recall': 1.0}, 'FUEL_PRICE_INVOICE_FRAUD': {'count': 8, 'recall': 1.0}, 'SCOPE1_UNDERREPORTING_FRAUD': {'count': 17, 'recall': 1.0}, 'SCOPE2_ELECTRICITY_MISMATCH': {'count': 18, 'recall': 1.0}, 'SCOPE_MATH_DISCREPANCY': {'count': 10, 'recall': 1.0}, 'SECTOR_INTENSITY_ANOMALY': {'count': 15, 'recall': 1.0}}","{'mild': {'count': 24, 'recall': 1.0}, 'moderate': {'count': 31, 'recall': 1.0}, 'strong': {'count': 20, 'recall': 1.0}}"
