candidate,family,onnx_exportable,contamination,n_folds,roc_auc_mean,roc_auc_std,pr_auc_mean,pr_auc_std,precision_mean,precision_std,recall_mean,recall_std,f1_mean,f1_std,false_positive_rate_mean,false_positive_rate_std,brier_mean,brier_std,ece_mean,ece_std,recall_mild_mean,recall_moderate_mean,recall_strong_mean
autoencoder_dl,dl,False,0.05,3,0.0,0.0,0.080059,0.0,0.15,0.0,1.0,0.0,0.26087,0.0,1.0,0.0,0.857289,0.002622,0.861353,0.003974,1.0,1.0,1.0
autoencoder_dl,dl,False,0.1,3,0.0,0.0,0.080059,0.0,0.15,0.0,1.0,0.0,0.26087,0.0,1.0,0.0,0.857289,0.002622,0.861353,0.003974,1.0,1.0,1.0
autoencoder_dl,dl,False,0.15,3,0.0,0.0,0.080059,0.0,0.15,0.0,1.0,0.0,0.26087,0.0,1.0,0.0,0.857289,0.002622,0.861353,0.003974,1.0,1.0,1.0
copod,ml,False,0.05,3,0.106071,0.024132,0.084181,0.001284,0.15,0.0,1.0,0.0,0.26087,0.0,1.0,0.0,0.543944,0.005962,0.633672,0.008959,1.0,1.0,1.0
copod,ml,False,0.1,3,0.106071,0.024132,0.084181,0.001284,0.15,0.0,1.0,0.0,0.26087,0.0,1.0,0.0,0.543944,0.005962,0.633672,0.008959,1.0,1.0,1.0
copod,ml,False,0.15,3,0.106071,0.024132,0.084181,0.001284,0.15,0.0,1.0,0.0,0.26087,0.0,1.0,0.0,0.543944,0.005962,0.633672,0.008959,1.0,1.0,1.0
deep_svdd_dl,dl,False,0.05,3,0.835556,0.027398,0.858563,0.023865,1.0,0.0,0.835556,0.027398,0.910168,0.016327,0.0,0.0,0.854385,0.00139,0.856185,0.002611,0.920207,0.788471,0.842857
deep_svdd_dl,dl,False,0.1,3,0.835556,0.027398,0.858563,0.023865,1.0,0.0,0.835556,0.027398,0.910168,0.016327,0.0,0.0,0.854385,0.00139,0.856185,0.002611,0.920207,0.788471,0.842857
deep_svdd_dl,dl,False,0.15,3,0.835556,0.027398,0.858563,0.023865,1.0,0.0,0.835556,0.027398,0.910168,0.016327,0.0,0.0,0.854385,0.00139,0.856185,0.002611,0.920207,0.788471,0.842857
ecod,ml,False,0.05,3,0.180905,0.028573,0.089192,0.002225,0.15,0.0,1.0,0.0,0.26087,0.0,1.0,0.0,0.507857,0.005833,0.5885,0.004998,1.0,1.0,1.0
ecod,ml,False,0.1,3,0.180905,0.028573,0.089192,0.002225,0.15,0.0,1.0,0.0,0.26087,0.0,1.0,0.0,0.507857,0.005833,0.5885,0.004998,1.0,1.0,1.0
ecod,ml,False,0.15,3,0.180905,0.028573,0.089192,0.002225,0.15,0.0,1.0,0.0,0.26087,0.0,1.0,0.0,0.507857,0.005833,0.5885,0.004998,1.0,1.0,1.0
elliptic_envelope,statistical,False,0.05,3,0.997072,0.004141,0.991327,0.012265,1.0,0.0,0.982222,0.025141,0.990868,0.012915,0.0,0.0,0.139907,0.003807,0.142711,0.002622,0.981481,0.981481,0.984127
elliptic_envelope,statistical,False,0.1,3,0.997072,0.004141,0.991327,0.012265,1.0,0.0,0.982222,0.025141,0.990868,0.012915,0.0,0.0,0.139907,0.003807,0.142711,0.002622,0.981481,0.981481,0.984127
elliptic_envelope,statistical,False,0.15,3,0.997072,0.004141,0.991327,0.012265,1.0,0.0,0.982222,0.025141,0.990868,0.012915,0.0,0.0,0.139907,0.003807,0.142711,0.002622,0.981481,0.981481,0.984127
gaussian_mixture,statistical,False,0.05,3,0.978845,0.01161,0.928529,0.025234,0.850104,0.028349,0.853333,0.043547,0.851118,0.028505,0.026667,0.005546,0.139484,0.004167,0.14236,0.003003,0.662582,0.871087,0.984127
gaussian_mixture,statistical,False,0.1,3,0.978845,0.01161,0.928529,0.025234,0.850104,0.028349,0.853333,0.043547,0.851118,0.028505,0.026667,0.005546,0.139484,0.004167,0.14236,0.003003,0.662582,0.871087,0.984127
gaussian_mixture,statistical,False,0.15,3,0.978845,0.01161,0.928529,0.025234,0.850104,0.028349,0.853333,0.043547,0.851118,0.028505,0.026667,0.005546,0.139484,0.004167,0.14236,0.003003,0.662582,0.871087,0.984127
gradient_boosting_ceiling,supervised,True,0.05,3,0.995556,0.006285,0.992444,0.010685,1.0,0.0,0.991111,0.012571,0.995495,0.006371,0.0,0.0,0.001368,0.001861,0.001486,0.001787,0.981481,1.0,0.984127
gradient_boosting_ceiling,supervised,True,0.1,3,0.995556,0.006285,0.992444,0.010685,1.0,0.0,0.991111,0.012571,0.995495,0.006371,0.0,0.0,0.001368,0.001861,0.001486,0.001787,0.981481,1.0,0.984127
gradient_boosting_ceiling,supervised,True,0.15,3,0.995556,0.006285,0.992444,0.010685,1.0,0.0,0.991111,0.012571,0.995495,0.006371,0.0,0.0,0.001368,0.001861,0.001486,0.001787,0.981481,1.0,0.984127
hbos,statistical,False,0.05,3,0.939817,0.01172,0.79825,0.030369,0.795809,0.046847,0.648889,0.04909,0.713476,0.038773,0.029804,0.008874,0.080566,0.001222,0.114814,0.014441,0.463508,0.710275,0.692063
hbos,statistical,False,0.1,3,0.939817,0.01172,0.79825,0.030369,0.795809,0.046847,0.648889,0.04909,0.713476,0.038773,0.029804,0.008874,0.080566,0.001222,0.114814,0.014441,0.463508,0.710275,0.692063
hbos,statistical,False,0.15,3,0.939817,0.01172,0.79825,0.030369,0.795809,0.046847,0.648889,0.04909,0.713476,0.038773,0.029804,0.008874,0.080566,0.001222,0.114814,0.014441,0.463508,0.710275,0.692063
iforest_pyod,ml,False,0.05,3,0.035232,0.006303,0.080945,0.000314,0.15,0.0,1.0,0.0,0.26087,0.0,1.0,0.0,0.638707,0.010572,0.726292,0.005064,1.0,1.0,1.0
iforest_pyod,ml,False,0.1,3,0.035232,0.006303,0.080945,0.000314,0.15,0.0,1.0,0.0,0.26087,0.0,1.0,0.0,0.638707,0.010572,0.726292,0.005064,1.0,1.0,1.0
iforest_pyod,ml,False,0.15,3,0.035232,0.006303,0.080945,0.000314,0.15,0.0,1.0,0.0,0.26087,0.0,1.0,0.0,0.638707,0.010572,0.726292,0.005064,1.0,1.0,1.0
isolation_forest,baseline,True,0.05,3,0.964768,0.006303,0.852648,0.037407,0.798362,0.047927,0.782222,0.033259,0.789621,0.035535,0.035294,0.010166,0.076003,0.003198,0.141953,0.014036,0.601035,0.780287,0.918254
isolation_forest,baseline,True,0.1,3,0.964768,0.006303,0.852648,0.037407,0.798362,0.047927,0.782222,0.033259,0.789621,0.035535,0.035294,0.010166,0.076003,0.003198,0.141953,0.014036,0.601035,0.780287,0.918254
isolation_forest,baseline,True,0.15,3,0.964768,0.006303,0.852648,0.037407,0.798362,0.047927,0.782222,0.033259,0.789621,0.035535,0.035294,0.010166,0.076003,0.003198,0.141953,0.014036,0.601035,0.780287,0.918254
lof,ml,False,0.05,3,0.790724,0.053406,0.627795,0.056783,0.61276,0.087066,0.564444,0.069139,0.58213,0.057224,0.066667,0.027994,0.141597,0.003321,0.142983,0.002624,0.555283,0.576882,0.540476
lof,ml,False,0.1,3,0.790724,0.053406,0.627795,0.056783,0.61276,0.087066,0.564444,0.069139,0.58213,0.057224,0.066667,0.027994,0.141597,0.003321,0.142983,0.002624,0.555283,0.576882,0.540476
lof,ml,False,0.15,3,0.790724,0.053406,0.627795,0.056783,0.61276,0.087066,0.564444,0.069139,0.58213,0.057224,0.066667,0.027994,0.141597,0.003321,0.142983,0.002624,0.555283,0.576882,0.540476
pca_qresidual,statistical,True,0.05,3,0.523618,0.013881,0.165441,0.00886,0.168385,0.007341,0.937778,0.01663,0.285452,0.010942,0.818823,0.037794,0.148828,0.011745,0.097334,0.019645,0.925926,0.942593,0.959524
pca_qresidual,statistical,True,0.1,3,0.523618,0.013881,0.165441,0.00886,0.168385,0.007341,0.937778,0.01663,0.285452,0.010942,0.818823,0.037794,0.148828,0.011745,0.097334,0.019645,0.925926,0.942593,0.959524
pca_qresidual,statistical,True,0.15,3,0.523618,0.013881,0.165441,0.00886,0.168385,0.007341,0.937778,0.01663,0.285452,0.010942,0.818823,0.037794,0.148828,0.011745,0.097334,0.019645,0.925926,0.942593,0.959524
robust_zscore,statistical,False,0.05,3,0.662803,0.030027,0.467163,0.041806,0.884354,0.163549,0.328889,0.072487,0.463257,0.045878,0.013333,0.018856,0.13416,0.004869,0.138435,0.003744,0.262255,0.340084,0.370635
robust_zscore,statistical,False,0.1,3,0.662803,0.030027,0.467163,0.041806,0.884354,0.163549,0.328889,0.072487,0.463257,0.045878,0.013333,0.018856,0.13416,0.004869,0.138435,0.003744,0.262255,0.340084,0.370635
robust_zscore,statistical,False,0.15,3,0.662803,0.030027,0.467163,0.041806,0.884354,0.163549,0.328889,0.072487,0.463257,0.045878,0.013333,0.018856,0.13416,0.004869,0.138435,0.003744,0.262255,0.340084,0.370635
vae_dl,dl,False,0.05,3,0.0,0.0,0.080059,0.0,0.15,0.0,1.0,0.0,0.26087,0.0,1.0,0.0,0.857252,0.002601,0.861322,0.003955,1.0,1.0,1.0
vae_dl,dl,False,0.1,3,0.0,0.0,0.080059,0.0,0.15,0.0,1.0,0.0,0.26087,0.0,1.0,0.0,0.857252,0.002601,0.861322,0.003955,1.0,1.0,1.0
vae_dl,dl,False,0.15,3,0.0,0.0,0.080059,0.0,0.15,0.0,1.0,0.0,0.26087,0.0,1.0,0.0,0.857252,0.002601,0.861322,0.003955,1.0,1.0,1.0
