COMPONENT,,3: RESIDUALS,,,,,,,
,,,,,,,,,
Tabel,,"Emisi Gas Rumah Kaca menurut Jenis Sektor (ribu ton CO2e), 2001-2017",,,,,,,
,3.1,,,,,,,,
Table,,"Greenhouse Gas Emissions by Type of Sector (thousand tons of CO2e), 2001-2017",,,,,,,
,,,,,,,,,
,,,,,,,,,
,,,,,,,,,
Tahun,Sektor,,,,,,,,
,Energi,IPPU,Pertanian,Limbah,LULUCF,Kebakaran Hutan,Jumlah,,
Year,Energy,,Agriculture,Waste,,Peat Fire,Total,,
(1),(2),(3),(4),(5),(6),(7),(8),,
2001,327938,46987,97789,62820,329243,50885,915663,,
2002,340323,40518,97479,65430,373189,301753,1218691,,
2003,350244,40263,98547,68252,328958,132075,1018340,,
2004,368508,42047,100299,70260,475851,232018,1288984,,
2005,372891,41196,102419,72311,439638,258887,1287342,,
2006,391424,37504,101819,77445,479246,510710,1598148,,
2007,386593,34788,105757,78704,553803,62747,1222391,,
2008,409736,35366,103030,79045,513712,81744,1222634,,
2009,398639,36.396,107733,83430,620566,299920,1546683,,
2010,453178,36146,108487,86341,383405,51383,1118941,,
2011,488936,35768,108718,90920,427310,189026,1340677,,
2012,508120,40199,112727,94660,487928,207050,1450685,,
2013,546398,38993,112104,97545,402252,205076,1402368,,
2014,577334,39702,113441,98406,480033,499389,1808305,,
2015,652077,48665,111311,95381,742201,802870,2452505,,
2016,618581,49629,117100,97915,541457,90267,1514950,,
2017,,,,,,,,,
,,,,,,,,,
Sumber/ Source,,":Statistik Direktorat Jenderal Pengendalian Perubahan Iklim 2017, Kementerian Lingkungan Hidup dan Kehutanan Republik",,,,,,,
,,"Indonesia/ Statistics of the Directorate General of Climate Change Control 2017, Ministry of Environment and Forestry Republic of Indonesia",,,,,,,
,,Environment Statistics of  Indonesia,,,,,,,
,,,,,,,,,