sector,production_tonnes,reported_emissions_tco2e,historical_emissions_tco2e,stat_fuel_liters,mob_fuel_liters,biomass_tonnes,clinker_tonnes,cost_solar_idr,cost_coal_idr,cost_gas_idr,cost_pln_idr,is_anomaly,anomaly_type
Logam & Baja,250114.5,299741.17,310062.82,4974067.29,1243516.82,0.0,0.0,107357609833.76,48467715131.38,110946200469.11,116104795005.57,0,NORMAL
Kelapa Sawit & CPO,452856.69,92262.32,87758.3,18094527.26,4523631.82,2468.31,0.0,386799780704.39,1435285337.41,0.0,49626857721.88,0,NORMAL
Semen & Bahan Bangunan,274392.51,70438.39,198205.95,2761166.35,698946.81,12574.39,205794.38,61936836221.42,4193364176.14,3211839283.01,11868416094.72,1,UNREPORTED_PROCESS_EMISSIONS
Manufaktur & Pengolahan,289332.64,71600.36,69110.53,5361294.21,1340323.55,0.0,0.0,86616945449.03,7324520891.07,59665082521.81,41212858197.82,0,NORMAL
Pulp & Kertas,533823.1,214009.53,220813.4,9685312.33,2421328.08,18187.05,0.0,232024863047.01,48027048394.63,151718976324.2,130142776580.77,0,NORMAL
Manufaktur & Pengolahan,707732.3,21354.42,167386.54,2876118.78,518465.89,5674.1,0.0,61440068194.69,14540969899.08,3738238570.67,5669785673.98,1,EXTREME_YOY_COLLAPSE
Manufaktur & Pengolahan,225133.03,41190.13,63283.69,4990339.29,1114142.24,3213.41,0.0,109884204064.62,5927542678.95,3442815292.59,11719825927.32,1,UNDER_REPORTING_SUBTLE
Kelapa Sawit & CPO,719700.62,157268.79,148338.95,30928952.95,7732238.24,1625.0,0.0,674935405221.04,3294295475.53,0.0,91166482324.18,0,NORMAL
Manufaktur & Pengolahan,188545.36,35760.01,33883.17,2682264.37,670566.09,0.0,0.0,49724417466.33,5904305107.4,28904481172.44,21128086773.2,0,NORMAL
Pulp & Kertas,384159.74,183464.63,187615.07,8190144.56,2047536.14,7589.34,0.0,163939075937.99,35862948515.78,159376617039.14,87578517532.94,0,NORMAL
Kelapa Sawit & CPO,311634.41,63015.51,64997.32,12616697.08,3154174.27,4686.68,0.0,205270753736.6,987906626.37,0.0,32510424732.77,0,NORMAL
Logam & Baja,299906.49,629845.23,632594.3,12643339.3,3160834.82,0.0,0.0,257661676227.11,146593019741.13,346337188127.14,273436768827.55,0,NORMAL
Manufaktur & Pengolahan,802103.46,169659.44,166156.91,12637114.97,3159278.74,0.0,0.0,259376579315.66,20818341657.75,105030258175.04,95689121927.29,0,NORMAL
Manufaktur & Pengolahan,325877.31,54746.86,55812.11,4098478.24,1024619.56,0.0,0.0,86563581458.86,6301862701.97,51367515696.6,37302867410.56,0,NORMAL
Semen & Bahan Bangunan,888530.24,598285.13,605765.18,6164160.0,1541040.0,6228.03,656166.8,149643484068.97,83502285468.92,120667852852.1,80576452417.77,0,NORMAL
Kelapa Sawit & CPO,702256.84,95777.25,96040.42,19309533.97,4827383.49,13054.0,0.0,321305628381.3,1851441196.73,0.0,50056352846.41,0,NORMAL
Semen & Bahan Bangunan,265347.65,6163.07,170917.46,8448905.44,1486244.68,11840.57,191050.31,178673755291.79,11227929718.87,5593125337.93,4076099730.79,1,IMPOSSIBLE_PRODUCTION_INTENSITY
Pulp & Kertas,549092.83,277845.11,279772.01,12592206.46,3148051.61,4054.88,0.0,210628693735.48,80112061831.54,238711779046.63,176274724910.54,0,NORMAL
Semen & Bahan Bangunan,663812.06,471699.31,451809.7,5441925.98,1360481.49,17606.92,458160.08,125260558738.77,70186378963.08,83580434274.13,67799059886.38,0,NORMAL
Ketenagalistrikan & PLTU,679997.96,672080.0,699480.6,5939113.29,1639247.39,1936.67,0.0,8496869830.28,18527310632.48,6866234032.07,11240187743.62,1,FUEL_COST_MISMATCH
Ketenagalistrikan & PLTU,970996.89,848059.6,899933.32,12680199.96,3170049.99,23717.29,0.0,282885664122.03,344616126818.12,0.0,168517925603.28,0,NORMAL
Manufaktur & Pengolahan,344228.66,78319.21,80466.56,5850255.92,1462563.98,0.0,0.0,134029084964.63,10600293576.37,48815023368.45,48690208834.36,0,NORMAL
Semen & Bahan Bangunan,200552.69,117249.03,116470.38,936439.05,234109.76,16237.59,150425.45,21229282837.48,16201897143.24,15501418866.28,10052979339.97,0,NORMAL
Ketenagalistrikan & PLTU,313452.52,302665.54,292928.49,4513326.72,1128331.68,3385.03,0.0,102050577201.14,144650587894.5,0.0,48304350783.64,0,NORMAL
Kelapa Sawit & CPO,552444.05,71111.24,71263.13,14080233.81,3520058.45,1670.23,0.0,241012091523.82,1245584030.18,0.0,44715481758.46,0,NORMAL
Semen & Bahan Bangunan,329685.5,78702.32,230249.27,7673308.1,756776.39,3982.83,237373.56,165087989533.22,13261375053.26,5268491800.48,5224608285.43,1,UNDER_REPORTING_FRAUD
Ketenagalistrikan & PLTU,213745.93,204908.27,211395.77,3030557.42,757639.35,9560.65,0.0,56932921324.56,100307914822.19,0.0,33850585348.77,0,NORMAL
Semen & Bahan Bangunan,303740.22,189747.79,197331.08,1833303.54,458325.88,12112.13,214365.29,37127071225.8,19512733314.22,27515709872.09,23651627786.73,0,NORMAL
Manufaktur & Pengolahan,124169.74,25795.25,26987.07,1917709.79,479427.45,0.0,0.0,47412743702.25,4142036308.01,21849243713.88,18823618094.67,0,NORMAL
Logam & Baja,70591.26,116282.78,116146.65,2274655.43,568663.86,0.0,0.0,47657844360.71,21044479755.58,60018934563.28,48954012874.82,0,NORMAL
Kelapa Sawit & CPO,591558.4,86431.73,84166.63,17441028.74,4360257.19,3035.98,0.0,321501369173.02,1633355369.14,0.0,46076694697.55,0,NORMAL
Manufaktur & Pengolahan,243744.61,84171.89,81863.74,6362912.01,1590728.0,0.0,0.0,111114551601.62,8495767044.64,89867870356.99,54904125987.01,0,NORMAL
Ketenagalistrikan & PLTU,1414321.45,1269546.87,1315415.03,19137748.26,4784437.06,24093.16,0.0,469465449171.48,428367867963.04,0.0,206914585347.65,0,NORMAL
Kelapa Sawit & CPO,830765.63,103817.22,101363.45,20627873.13,5156968.28,18341.2,0.0,331848574514.69,1450235413.36,0.0,57416415959.05,0,NORMAL
Logam & Baja,155649.36,237109.68,227446.5,4325453.76,1081363.44,0.0,0.0,86553055945.36,44444920758.83,113821123906.98,103859647812.4,0,NORMAL
Pulp & Kertas,885550.35,366782.05,359472.67,16611385.15,4152846.29,10858.35,0.0,374449398238.25,99522191007.87,299336937088.03,209148448268.14,0,NORMAL
Manufaktur & Pengolahan,679839.64,221822.75,218578.24,7268547.43,679224.76,13744.35,0.0,4140658356.14,9547297980.95,6995493448.5,13953725233.76,1,FUEL_COST_MISMATCH
Pulp & Kertas,463332.13,203897.56,214554.02,9101693.51,2275423.38,20231.93,0.0,152610124559.92,35576827316.02,158363737882.57,121023672431.38,0,NORMAL
Logam & Baja,169369.87,1945.3,329568.18,5827299.12,1542368.8,14066.11,0.0,118708800382.38,6984011634.46,3740630071.73,3625815261.46,1,IMPOSSIBLE_PRODUCTION_INTENSITY
Manufaktur & Pengolahan,730266.65,226965.51,221523.06,7780292.96,1375080.08,13081.25,0.0,10555633025.73,8581859031.35,6132611959.9,11580287280.42,1,FUEL_COST_MISMATCH
Pulp & Kertas,781787.64,416985.23,423130.91,18913461.09,4728365.27,9500.4,0.0,329144189153.92,85474391698.35,363150735504.71,220210038252.77,0,NORMAL
Ketenagalistrikan & PLTU,270335.92,249592.96,255331.54,3716376.43,929094.11,13527.92,0.0,77751870520.64,134718268530.55,0.0,43187116272.42,0,NORMAL
Kelapa Sawit & CPO,673288.17,23427.77,137080.8,8841633.93,1582907.73,9431.66,0.0,198392225592.29,11144014024.02,1330929135.31,11894614867.89,1,UNDER_REPORTING_FRAUD
Ketenagalistrikan & PLTU,1134081.92,1022994.76,983871.91,15394986.39,3848746.6,15786.91,0.0,341007585185.92,548839147199.27,0.0,193511490770.03,0,NORMAL
Logam & Baja,376959.5,692849.94,677467.83,13698582.56,3424645.64,0.0,0.0,238541050012.64,202043539847.53,374550871732.27,313352985132.25,0,NORMAL
Semen & Bahan Bangunan,783303.91,673339.27,652455.97,9486130.35,2371532.59,10345.01,543597.84,168970325123.71,166761898051.0,140537303803.7,117033321073.54,0,NORMAL
Ketenagalistrikan & PLTU,1083471.08,1113597.08,1089483.82,16411270.28,4102817.57,8866.56,0.0,289669942319.71,544349336516.02,0.0,193804197500.38,0,NORMAL
Pulp & Kertas,649717.18,344845.48,330492.98,15511665.4,3877916.35,15041.12,0.0,357464225561.68,77290381937.86,187930041968.44,205455529761.9,0,NORMAL
Ketenagalistrikan & PLTU,195440.58,185929.67,192430.09,2810555.15,702638.79,20409.81,0.0,49554210593.72,70368646622.73,0.0,30480123064.74,0,NORMAL
Ketenagalistrikan & PLTU,444739.21,429928.17,423267.3,3909808.41,1452623.65,14741.48,0.0,2838962908.45,11631285929.76,1833908476.75,11243031637.88,1,FUEL_COST_MISMATCH
Ketenagalistrikan & PLTU,1429035.87,1211963.97,1220960.7,17902233.25,4475558.31,17584.01,0.0,313679013158.32,637338621061.79,0.0,262404696077.3,0,NORMAL
Manufaktur & Pengolahan,547826.22,151553.82,148741.06,11208701.24,2802175.31,0.0,0.0,219846037029.35,14983730680.06,126807838147.59,103381598930.74,0,NORMAL
Manufaktur & Pengolahan,827500.54,240035.65,244824.84,17999650.38,4499912.59,0.0,0.0,387069651853.62,32115647190.84,251020381328.09,158726757405.85,0,NORMAL
Kelapa Sawit & CPO,849526.6,89029.77,93473.74,17675601.1,4418900.27,11074.59,0.0,351875741496.99,1418673791.59,0.0,54639557250.86,0,NORMAL
Semen & Bahan Bangunan,557503.58,257621.28,250951.72,1822026.58,455506.64,21175.78,385351.49,42248315183.06,25285160930.63,29287231437.33,19301913575.36,0,NORMAL
Kelapa Sawit & CPO,847734.37,129482.41,124135.61,25786409.06,6446602.26,2376.5,0.0,575096451481.03,1706613661.96,0.0,84574102734.78,0,NORMAL
Manufaktur & Pengolahan,192206.08,60550.15,60440.28,4585737.9,1146434.48,0.0,0.0,106301038949.89,8242728482.45,39859745391.83,34974110428.45,0,NORMAL
Semen & Bahan Bangunan,394964.42,319124.82,327465.75,3951432.89,987858.22,10728.92,295343.96,96289184696.04,65065180934.12,53465201909.17,44749038574.11,0,NORMAL
Manufaktur & Pengolahan,340158.41,90799.46,95638.47,6750643.57,1687660.89,0.0,0.0,164770543991.87,13826254991.73,70630198018.74,51834267263.6,0,NORMAL
Logam & Baja,453194.49,959513.77,919661.04,19378948.42,4844737.1,0.0,0.0,349214393744.3,161754976571.86,337228936177.76,457848819779.67,0,NORMAL
Manufaktur & Pengolahan,800605.63,252833.26,265662.01,18796664.59,4699166.15,0.0,0.0,353336259820.5,31723309804.79,196417399186.11,165388819548.2,0,NORMAL
Kelapa Sawit & CPO,508440.21,77600.12,75489.55,15405779.18,3851444.79,14449.57,0.0,293833879234.37,1308840409.0,0.0,50335372446.63,0,NORMAL
Logam & Baja,382200.04,586880.89,556478.53,10805378.06,2701344.51,0.0,0.0,217415385141.47,117679566763.14,306468949039.75,245142921265.15,0,NORMAL
Ketenagalistrikan & PLTU,181492.68,35197.02,163349.92,5125794.64,1408580.24,11750.76,0.0,108159633202.43,19303291896.74,4981533747.03,4170871138.89,1,UNDER_REPORTING_FRAUD
Manufaktur & Pengolahan,739579.91,176942.85,186753.61,13271355.39,3317838.85,0.0,0.0,250344575226.31,22923081381.75,124121450327.25,106545182879.78,0,NORMAL
Logam & Baja,361457.37,797710.69,839510.28,16049978.49,4012494.62,0.0,0.0,326426005948.37,137381560379.28,321307564148.0,348488390381.22,0,NORMAL
Pulp & Kertas,856103.95,283227.81,287678.42,12654927.21,3163731.8,21579.19,0.0,292407951310.78,65467192634.32,232181463536.64,137142417748.23,0,NORMAL
Manufaktur & Pengolahan,718395.42,206795.29,192297.64,15215860.93,3803965.23,0.0,0.0,257202826023.37,20287122833.97,179869535572.95,129460613220.86,0,NORMAL
Manufaktur & Pengolahan,712227.36,109051.14,107601.84,8259917.12,2064979.28,0.0,0.0,166860903877.45,12849115978.21,66968280515.35,63854650527.16,0,NORMAL
Semen & Bahan Bangunan,596674.33,387372.32,384352.28,3671287.48,917821.87,8296.18,439913.4,84556303513.45,43876514718.81,44296759901.8,48943965344.55,0,NORMAL
Logam & Baja,741884.44,6731.63,1251865.99,8966586.93,1362551.49,4732.63,0.0,182017018894.82,9601581582.67,5103071106.36,6568140966.59,1,IMPOSSIBLE_PRODUCTION_INTENSITY
Manufaktur & Pengolahan,746378.67,181585.64,184738.44,13723077.53,3430769.38,0.0,0.0,282702103040.69,21789447810.6,176082954708.87,142306266802.75,0,NORMAL
Ketenagalistrikan & PLTU,1399736.79,1423586.55,1466036.05,21016674.99,5254168.75,17038.39,0.0,377233222705.77,463103477095.85,0.0,227415898943.46,0,NORMAL
Semen & Bahan Bangunan,167776.37,95748.53,90581.51,836976.96,209244.24,2504.09,115116.51,19419464413.58,15684012747.63,10843434024.15,8795914303.98,0,NORMAL
Manufaktur & Pengolahan,709367.0,150778.26,144094.73,11360646.41,2840161.6,0.0,0.0,217949103674.53,21854183004.52,126107159853.6,117876159313.71,0,NORMAL
Kelapa Sawit & CPO,851639.17,195543.75,189649.48,39352511.01,9838127.75,19668.55,0.0,927629644911.26,2382116612.9,0.0,96065219800.21,0,NORMAL
Manufaktur & Pengolahan,581510.99,136968.65,140775.68,10148885.37,2537221.34,0.0,0.0,173823716207.57,15811394460.95,115886666015.71,90456829433.12,0,NORMAL
Ketenagalistrikan & PLTU,947682.29,780016.27,797770.92,11701074.31,2925268.58,14270.44,0.0,257543250598.19,347437999627.15,0.0,151707351335.79,0,NORMAL
Pulp & Kertas,373713.62,188485.35,198666.2,8491283.26,2122820.82,17585.15,0.0,184408646159.31,45463757596.94,98032216962.03,108111500530.64,0,NORMAL
Manufaktur & Pengolahan,574882.41,191421.69,191619.08,14335372.25,3583843.06,0.0,0.0,243299424664.32,26026796502.25,148416176971.09,113894332208.39,0,NORMAL
Semen & Bahan Bangunan,736474.02,401035.09,390830.03,2881957.78,720489.44,2700.49,546050.88,52147350426.11,38915449488.63,59103846798.1,32077266713.07,0,NORMAL
Pulp & Kertas,308670.43,123104.2,120861.23,5495250.89,1373812.72,3907.04,0.0,110054425000.69,28438670478.42,92366988328.23,72322273058.66,0,NORMAL
Semen & Bahan Bangunan,557901.07,434640.79,440968.93,5166258.11,1291564.53,17768.6,405137.32,101119825491.88,85458806195.99,66768688084.36,59521702606.47,0,NORMAL
Pulp & Kertas,557609.55,196552.86,204444.86,8714739.87,2178684.97,23017.15,0.0,152503845520.25,43679283616.46,143604100436.09,118845645472.64,0,NORMAL
Semen & Bahan Bangunan,553905.46,367877.37,387599.6,3572054.09,893013.52,8740.11,413314.79,89083532418.88,61559594088.56,48903417112.87,38084359942.62,0,NORMAL
Ketenagalistrikan & PLTU,1348018.07,1048611.35,1090016.46,15774441.36,3943610.34,9209.03,0.0,331215364484.0,439931120297.66,0.0,221279365176.83,0,NORMAL
Manufaktur & Pengolahan,84872.14,20501.66,20481.97,1525075.43,381268.86,0.0,0.0,29808909438.59,2048457220.92,15135564249.25,14371309930.41,0,NORMAL
Ketenagalistrikan & PLTU,1301496.11,1136104.86,1200520.49,17021336.83,4255334.21,22483.15,0.0,304452482384.13,593129382430.93,0.0,189589356343.31,0,NORMAL
Kelapa Sawit & CPO,741139.89,125573.66,127083.17,24949103.32,6237275.83,6894.16,0.0,412503836094.56,1855514168.0,0.0,65565846715.45,0,NORMAL
Ketenagalistrikan & PLTU,1271297.17,1066809.86,1055164.1,16050106.59,4012526.65,24648.3,0.0,367866214862.75,433335106267.61,0.0,205730416450.51,0,NORMAL
Ketenagalistrikan & PLTU,563663.47,97127.02,614961.8,3891626.24,668790.16,11573.14,0.0,77065158575.01,6558648049.26,6603455909.95,3906302492.08,1,EXTREME_YOY_COLLAPSE
Ketenagalistrikan & PLTU,1088514.57,1043081.4,1057620.75,15397928.38,3849482.09,5054.36,0.0,294532178101.51,412926316349.61,0.0,163936981261.93,0,NORMAL
Logam & Baja,228422.88,372506.85,381208.76,6739539.24,1684884.81,0.0,0.0,113978580474.13,80044940255.43,157437833040.02,133001312727.73,0,NORMAL
Semen & Bahan Bangunan,752968.23,552686.03,558922.89,7294004.55,1123032.71,7384.92,542137.13,10824672475.83,11932988104.76,1740759477.65,8998836009.34,1,FUEL_COST_MISMATCH
Ketenagalistrikan & PLTU,1136535.31,1118339.97,1135089.82,16471673.88,4117918.47,9789.38,0.0,377524684105.02,497486938710.49,0.0,196098275140.91,0,NORMAL
Pulp & Kertas,743662.91,357899.05,343141.41,16074545.41,4018636.35,5664.81,0.0,282581449298.85,70219901728.47,192603556600.2,171711776687.69,0,NORMAL
Kelapa Sawit & CPO,561987.77,121711.42,118217.51,24446673.38,6111668.35,14521.89,0.0,428908414423.59,2242428244.39,0.0,74094589691.5,0,NORMAL
Ketenagalistrikan & PLTU,1123579.5,1126873.49,1140870.85,16606306.8,4151576.7,23894.12,0.0,412590357399.87,511521162055.61,0.0,239735806393.66,0,NORMAL
Kelapa Sawit & CPO,225658.63,47546.07,47311.21,9367821.16,2341955.29,18183.91,0.0,226640046041.04,894331025.68,0.0,24111373483.05,0,NORMAL
Pulp & Kertas,300785.99,137239.44,131849.28,6179204.7,1544801.18,11322.44,0.0,132070049666.57,22182896090.35,68458547329.65,77471761471.92,0,NORMAL
