Provinsi,Tahun SK,Hutan Lindung (Ribu Ha),Suaka Alam dan Pelestarian Alam (Ribu Ha),Hutan Produksi Terbatas (Ribu Ha),Hutan Produksi Tetap (Ribu Ha),Hutan Produksi yang dapat Dikonversi (Ribu Ha),Jumlah Luas Hutan dan Perairan (Ribu Ha),Konservasi-Perairan (Ha),Konservasi-Daratan (Ha)
Aceh,2018,1781677.92,1058364.4,145178.34,549794.88,15374.69,3550390.23,–,1058364.4
Sumatera Utara,2014,1206881,427008,641769,704452,75684,3055795,–,427008
Sumatera Barat,2013,791671,806939,233211,360608,187629,2380057,37164,769775
Riau,2016,233910,630753,1017318,2339578,1185433,5406992,–,630753
Jambi,2014,179588,685471,258285,963792,11399,2098535,–,685471
Sumatera Selatan,2018,578279,790785,213918,1712819,160996,3456797,49104,741681
Bengkulu,2023,230737.69,462862.36,172018.85,45556.91,11115.35,922291.16,–,462862.36
Lampung,2000,317615,462030,33358,191732,–,1004735,–,462030
Kepulauan Bangka Belitung,2012,166371,34500,–,442051,693,643615,–,34500
Kepulauan Riau,2018,97362.65,4734.73,118832.99,78830.62,82071.11,381832.1,–,4734.73
DKI Jakarta,2000,44.76,108272.34,–,158.35,–,108475.45,108000,272.34
Jawa Barat,2003,291306,132180,190152,202965,–,816603,–,132180
Jawa Tengah,2004,84430,126530,183930,362360,–,757250,110117,16413
DI Yogyakarta,2000,2057.9,910.34,–,13851.28,–,16819.52,–,910.34
Jawa Timur,2011,344742,233632,–,782772,–,1361146,3506,230126
Banten,1999,12359,164458,49439,26998,–,253254,51467,112991
Bali,1999,95766.06,26293.59,6719.26,1907.1,–,130686.01,3415,22878.59
Nusa Tenggara Barat,2017,430485,179034,286700,150740,–,1046959,11121,167913
Nusa Tenggara Timur,2016,684572,521412,169707,288214,78494,1742399,256482,264930
Kalimantan Barat,2022,2310874,1621046,2132398,2123714.5,197918,8385950.5,190945,1430101
Kalimantan Tengah,2012,1346066,1630828,3317461,3881817,2543535,12719707,22542,1608286
Kalimantan Selatan,2023,507248,217944,123940,685270,119285,1653687,–,217944
Kalimantan Timur,2020,2848243,1704666,5045164.45,4022075.55,211575.88,13831724.88,–,1704666
Kalimantan Utara2,,...,...,...,...,...,...,...,...
Sulawesi Utara,2014,161784,314965,208927,64367,14696,764739,69800,245165
Sulawesi Tengah,2020,1258081,986267,1421375,418489,170505,4254717,340119,646148
Sulawesi Selatan,2019,1162498,837833,479518,140036,16412,2636297,606804,231029
Sulawesi Tenggara,2011,1081489,1787084,466854,401581,93571,3830579,1504160,282924
Gorontalo,2010,204608,196653,251097,89879,82431,824668,–,196653
Sulawesi Barat,2014,452030,215190,330700,71859,22597,1092376,–,215190
Maluku,2014,627256,429538,894258,643699,1324866,3919617,9208,420330
Maluku Utara,2013,584058,218499,666851,481730,564082,2515220,–,218499
Papua Barat,2014,1631589,2640258,1778480,2188160,1474650,9713137,928350,1711908
Papua Barat Daya3,,...,...,...,...,...,...,...,...
Papua,2012,7815283,7755284,5961240,4739327,4116365,30387499,1019017,6736267
Papua Selatan4,,...,...,...,...,...,...,...,...
Papua Tengah4,,...,...,...,...,...,...,...,...
Papua Pegunungan4,,...,...,...,...,...,...,...,...
Indonesia,,29520962.98,27412224.76,26798799.89,29171184.19,12761378.03,125664549.9,5321321,22090903.76
,,,,,,,,,
Keterangan,,,,,,,,,
1Berdasarkan Keputusan Menteri Lingkungan Hidup dan Kehutanan Tentang Penunjukan Kawasan Hutan dan Perairan Serta Tata Guna Hutan Kesepakatan (TGHK)<i>/Based on Environment and Forestry Ministerial Decree on The Designation of Provincial Forest Area and Marine Conservation Area by Consensus</i>2Data masih bergabung dengan Provinsi Kalimantan Timur/<i>Data were included in Kalimantan Timur Province </i>3Data masih bergabung dengan Provinsi Papua Barat/<i>Data were included in Papua Barat Province</i>4Data masih bergabung dengan Provinsi Papua/<i>Data were included in Papua Province</i>,,,,,,,,,