NO,PROVINSI,LUAS (Ha)
1,Aceh,31.966
2,Bali,2.452
3,Banten,4.224
4,Bengkulu,2.518
5,Daerah Istimewa Yogyakarta,42
6,Daerah Khusus Jakarta,717
7,Gorontalo,8.792
8,Jambi,12.667
9,Jawa Barat,12.996
10,Jawa Tengah,15.886
11,Jawa Timur,31.067
12,Kalimantan Barat,163.209
13,Kalimantan Selatan,82.335
14,Kalimantan Tengah,49.017
15,Kalimantan Timur,239.805
16,Kalimantan Utara,187.530
17,Kepulauan Bangka Belitung,69.606
18,Kepulauan Riau,67.391
19,Lampung,10.786
20,Maluku,191.997
21,Maluku Utara,47.783
22,Nusa Tenggara Barat,11.553
23,Nusa Tenggara Timur,23.016
24,Papua,162.103
25,Papua Barat,326.666
26,Papua Barat Daya,155.053
27,Papua Selatan,622.288
28,Papua Tengah,305.846
29,Riau,230.911
30,Sulawesi Barat,3.290
31,Sulawesi Selatan,11.798
32,Sulawesi Tengah,39.620
33,Sulawesi Tenggara,64.383
34,Sulawesi Utara,12.405
35,Sumatera Barat,17.164
36,Sumatera Selatan,174.371
37,Sumatera Utara,62.375
38,LUAS,3.455.628