No,Nama Kesatuan Hidrologis Gambut,Kode KHG,Provinsi,Kabupaten,Luas Total (Ha)
1,KHG Aek Garoga - Batang Toru,KHG.12.01.06,Sumatera Utara,Tapanuli Tengah,"2.727"
2,KHG Aek Lunang - Aek Sidang,KHG.13.01.02,Sumatera Barat,Pesisir Selatan,"14.099"
3,KHG Aek Maraitgadang - Aek Sikapas,KHG.12.13.03,Sumatera Utara,Mandailing Natal,"2.360"
4,KHG Aek Maraitgadang - Batang Maraitgadang,KHG.12.13.02,Sumatera Utara,Mandailing Natal,"1.500"
5,KHG Aek Maros - Aek Pandan,KHG.12.01.05,Sumatera Utara,Tapanuli Tengah,"4.601"
6,KHG Aek Musi - Sungai Upang,KHG.16.07.05,Sumatera Selatan,Banyuasin,"26.021"
7,KHG Aek Na Birong - Aek Batang Toru,KHG.12.03.01,Sumatera Utara,Tapanuli Selatan,"16.768"
8,KHG Aek Panggainsira - Aek Arong,KHG.12.16.02,Sumatera Utara,Humbang Hasundutan,"3.007"
9,KHG Aek Sebatik - Aek Musi,KHG.16.07.04,Sumatera Selatan,Banyuasin,"31.801"
10,KHG Aek Silang - Lae Renun,KHG.12.17.01,Sumatera Utara,Samosir,554
11,KHG Aek Silaut - Aek Menjuto,KHG.13-17.01,"Bengkulu, Sumatera Barat","Muko-muko, Pesisir Selatan","13.085"
12,KHG Aek Siriam - Batang Singkuang,KHG.12.13.04,Sumatera Utara,Mandailing Natal,"4.553"
13,KHG Aek Sordang - Aek Kalang,KHG.12.01.04,Sumatera Utara,Tapanuli Tengah,"2.011"
14,KHG Aek Sulpi - Aek Sibundong,KHG.12.16.01,Sumatera Utara,Humbang Hasundutan,"6.542"
15,KHG Aek Tapan - Aek Silaut,KHG.13.01.01,Sumatera Barat,Pesisir Selatan,"48.508"
16,KHG Aek Tapan - Aek Ubar,KHG.13.01.04,Sumatera Barat,Pesisir Selatan,"7.059"
17,KHG Aek Ubar - Aek Lunang,KHG.13.01.03,Sumatera Barat,Pesisir Selatan,"23.274"
18,KHG Air Banyuasin - Air Lalang,KHG.16.07.02,Sumatera Selatan,Banyuasin,"60.758"
19,KHG Air Banyuasin - Sungai Musi,KHG.16.07.03,Sumatera Selatan,Banyuasin,"39.514"
20,KHG Alue Baksukon - Alue Semerah,KHG.11.01.02,Aceh,Aceh Selatan,600
21,KHG Alue Getah - Krueng Le Mirah,KHG.11.12.01,Aceh,Aceh Barat Daya,"8.046"
22,KHG Alue Semerah - Krueng Batee,KHG.11.01.03,Aceh,Aceh Selatan,"1.474"
23,KHG Bah Antokan - Sungai Tiku,KHG.13.06.01,Sumatera Barat,Agam,"3.950"
24,KHG Bah Btung - Sungai Tabat,KHG.13.12.01,Sumatera Barat,"Agam, Pasaman Barat","7.608"
25,KHG Bah Kambang - Batang Airlakitan,KHG.13.01.06,Sumatera Barat,Pesisir Selatan,"3.964"
26,KHG Bah Mandiangin - Bah Btung,KHG.13.12.02,Sumatera Barat,Pasaman Barat,"3.097"
27,KHG Batang Ampu - Bah Mandiangin,KHG.13.12.03,Sumatera Barat,Pasaman Barat,"5.476"
28,KHG Batang Batahan - Batang Tamak,KHG.12.13.07,Sumatera Utara,Mandailing Natal,"3.731"
29,KHG Batang Masangkiri - Bah Antokan,KHG.13.06.02,Sumatera Barat,Agam,"3.170"
30,KHG Batang Merangin - Batang Tembesi,KHG.15.02-03.02,Jambi,"Merangin, Sarolangun","20.397"
31,KHG Batang Rokan Kiri - Batang Sosa,KHG.14.06-07.01,Riau,"Rokan Hilir, Rokan Hulu","58.998"
32,KHG Batang Singkuang - Nainjan Nu Godang,KHG.12.13.05,Sumatera Utara,Mandailing Natal,"20.382"
33,KHG Batang Tembei - Sungai Merak,KHG.15.02-03.01,Jambi,"Merangin, Sarolangun","29.596"
34,KHG Batang Toru - Aek MaraitGadang,KHG.12.13.01,Sumatera Utara,Mandailing Natal,"2.042"
35,KHG Delta Talang,KHG.16.07.08,Sumatera Selatan,Banyuasin,"1.576"
36,KHG Krueng Baru - Krueng Aluetho,KHG.11.01.01,Aceh,Aceh Selatan,972
37,KHG Krueng Batee - Krueng Kluet,KHG.11.01.04,Aceh,Aceh Selatan,"1.084"
38,KHG Krueng Gubon - Krueng Meureubo,KHG.11.05.02,Aceh,Aceh Barat,"12.505"
39,KHG Krueng Kluet - Krueng Lembang,KHG.11.01.05,Aceh,Aceh Selatan,436
40,KHG Krueng Lembang - Krueng Bakongan,KHG.11.01.06,Aceh,Aceh Selatan,"15.745"
41,KHG Krueng Ligan - Krueng Masem,KHG.11.14.01,Aceh,Aceh Jaya,"3.033"
42,KHG Krueng Manggeng - Krueng Baru,KHG.11.12.05,Aceh,"Aceh Barat Daya, Aceh Selatan","1.344"
43,KHG Krueng Masem,KHG.11.14.02,Aceh,Aceh Jaya,"2.878"
44,KHG Krueng Matee - Krueng Teumiyee,KHG.11.15.01,Aceh,Naganraya,"4.259"
45,KHG Krueng Meureubo - Krueng Matee,KHG.11.05-15.01,Aceh,"Aceh Barat, Naganraya","5.044"
46,KHG Krueng Naca - Krueng Kapaksesak,KHG.11.01.08,Aceh,Aceh Selatan,"2.450"
47,KHG Krueng On - Krueng Pneunom,KHG.11.14.05,Aceh,Aceh Jaya,"6.769"
48,KHG Krueng Pango - Krueng On,KHG.11.14.04,Aceh,Aceh Jaya,"7.826"
49,KHG Krueng Peungapet,KHG.11.14.03,Aceh,Aceh Jaya,"4.104"
50,KHG Krueng Pneunom - Krueng Lambalik,KHG.11.05-14.01,Aceh,"Aceh Barat, Aceh Jaya","8.315"
51,KHG Krueng Surin - Krueng Batee,KHG.11.12.02,Aceh,Aceh Barat Daya,"14.278"
52,KHG Krueng Surin - Krueng Muling,KHG.11.15.05,Aceh,Naganraya,"22.239"
53,KHG Krueng Susoh,KHG.11.12.04,Aceh,Aceh Barat Daya,"1.694"
54,KHG Krueng Susoh - Krueng Batee,KHG.11.12.03,Aceh,Aceh Barat Daya,484
55,KHG Krueng Tadu - Krueng Tripa,KHG.11.15.03,Aceh,Naganraya,"14.026"
56,KHG Krueng Teumiyee - Krueng Tadu,KHG.11.15.02,Aceh,Naganraya,"11.977"
57,KHG Krueng Tripa - Krueng Seuneuam,KHG.11.15.04,Aceh,Naganraya,"16.172"
58,KHG Krueng Trumon,KHG.11.01.07,Aceh,Aceh Selatan,851
59,KHG Krueng Trumon - Lae Tarap,KHG.11.01-10-23.01,Aceh,"Aceh Selatan, Aceh Singkil, Kota Subulussalam","118.136"
60,KHG Krueng Wonki - Krueng Gubon,KHG.11.05.01,Aceh,Aceh Barat,"10.395"
61,KHG Lae Kumbi,KHG.11.23.03,Aceh,Kota Subulussalam,"1.099"
62,KHG Lae Puncu - Lae Tarap,KHG.11.23.01,Aceh,Kota Subulussalam,"1.831"
63,KHG Lae Rapus - Aek Pardomuan,KHG.12.01.03,Sumatera Utara,Tapanuli Tengah,"1.400"
64,KHG Lae Rih - Lae Puncu,KHG.11.23.02,Aceh,Kota Subulussalam,"1.586"
65,KHG Lae Sibungkuang,KHG.12.01.01,Sumatera Utara,Tapanuli Tengah,"8.860"
66,KHG Lae Sibungkuang - Aek Tarutungol,KHG.12.01.02,Sumatera Utara,Tapanuli Tengah,"3.269"
67,KHG Lae Silabuhan - Lae Tambiski,KHG.11-12.01,"Aceh, Sumatera Utara","Aceh Singkil, Tapanuli Tengah","12.835"
68,KHG Lae Sulampi - Lae Gosong,KHG.11.10.02,Aceh,Aceh Singkil,"17.311"
69,KHG Lae Sulampi - Lae Rimo,KHG.11.10.01,Aceh,Aceh Singkil,729
70,KHG Lae Tarap - Lae Kumbi,KHG.11.23.04,Aceh,Kota Subulussalam,"2.029"
71,KHG Lae Tarap - Lae Sulampi,KHG.11.10-23.01,Aceh,"Aceh Singkil, Kota Subulussalam","4.726"
72,KHG Muara Sakai - Aek Bentayan,KHG.13.01.05,Sumatera Barat,Pesisir Selatan,"4.859"
73,KHG Pulau Bengkalis,KHG.14.03.02,Riau,Bengkalis,"90.686"
74,KHG Pulau Karimun,KHG.21.02.01,Kepulauan-riau,Karimun,641
75,KHG Pulau Kundur,KHG.21.02.04,Kepulauan-riau,Karimun,"7.919"
76,KHG Pulau Labu,KHG.14.05.03,Riau,Pelalawan,590
77,KHG Pulau Mendol,KHG.14.05.01,Riau,Pelalawan,"30.995"
78,KHG Pulau Menggung,KHG.14.10.05,Riau,Kepulauan Meranti,654
79,KHG Pulau Merbau,KHG.14.10.02,Riau,Kepulauan Meranti,"21.601"
80,KHG Pulau Muda,KHG.14.05.04,Riau,Pelalawan,"3.420"
81,KHG Pulau Padang,KHG.14.10.01,Riau,Kepulauan Meranti,"111.286"
82,KHG Pulau Papan,KHG.21.02.03,Kepulauan-riau,Karimun,"4.492"
83,KHG Pulau Parit,KHG.21.02.02,Kepulauan-riau,Karimun,760
84,KHG Pulau Rangsang,KHG.14.10.04,Riau,Kepulauan Meranti,"88.960"
85,KHG Pulau Rupat,KHG.14.03.01,Riau,Bengkalis,"118.479"
86,KHG Pulau Serapung,KHG.14.05.02,Riau,Pelalawan,"2.870"
87,KHG Pulau Tebing Tinggi,KHG.14.10.03,Riau,Kepulauan Meranti,"138.061"
88,KHG Pulau Topang,KHG.14.10.06,Riau,Kepulauan Meranti,"2.914"
89,KHG Pulau Urgar,KHG.21.02.05,Kepulauan-riau,Karimun,"2.625"
90,KHG Sei Lalan - Sungai Bentayan,KHG.16.06.02,Sumatera Selatan,Musibanyuasin,"21.118"
91,KHG Sungai Air Hitam Laut - Sungai Buntu Kecil,KHG.15-16.01,"Jambi, Sumatera Selatan","Muarojambi, Tanjung Jabung Timur, Banyuasin","183.856"
92,KHG Sungai Alur - Sungai Lintang,KHG.16.05.01,Sumatera Selatan,Musirawas,"5.063"
93,KHG Sungai Asahan - Sungai Leidong,KHG.12.09-23.01,Sumatera Utara,"Asahan, Labuhanbatu Utara","88.666"
94,KHG Sungai Bangko - Sungai Rokan,KHG.14.07.02,Riau,Rokan Hilir,"45.634"
95,KHG Sungai Bangko - Sungai Rokan Kanan,KHG.14.07.03,Riau,Rokan Hilir,"43.367"
96,KHG Sungai Barumun - Sungai Kubu,KHG.12-14.01,"Riau, Sumatera Utara","Rokan Hilir, Labuhan Batu, Labuhan Batu Selatan","251.334"
97,KHG Sungai Barumun - Sungai Mabar,KHG.12.22.01,Sumatera Utara,Labuhanbatu Selatan,"5.189"
98,KHG Sungai Batang - Sungai Keritang 1,KHG.14.02-04.03,Riau,Indragiri Hilir,"47.440"
99,KHG Sungai Batang - Sungai Keritang 2,KHG.14.04.12,Riau,Indragiri Hilir,"15.249"
100,KHG Sungai Batang - Sungai Tungkal,KHG.14-15.01,"Jambi, Riau","Tanjungjabung Barat, Indragiri Hilir","84.346"
101,KHG Sungai Batanghari - Sungai Air Hitam Laut,KHG.15.05-07.01,Jambi,"Muaro Jambi, Tanjung Jabung Timur","189.862"
102,KHG Sungai Batanghari - Sungai Kampeh,KHG.15.05.01,Jambi,Muarojambi,"59.466"
103,KHG Sungai Batanghari - Sungai Mandahara,KHG.15.10.01,Jambi,Kota Jambi,"1.134"
104,KHG Sungai Baturusa,KHG.19.07.01,Bangka Belitung,Kota Pangkalpinang,"4.364"
105,KHG Sungai Baung - Sungai Betara,KHG.15.06.02,Jambi,Tanjungjabung Barat,"77.859"
106,KHG Sungai Beberi - Sungai Way Mesuji,KHG.16.02.07,Sumatera Selatan,Ogan Komering Ilir,"8.639"
107,KHG Sungai Belikat - Sungai Lengko,KHG.19.04.02,Bangka Belitung,Bangka Tengah,"6.063"
108,KHG Sungai Belutu - Sungai Leko,KHG.14.08.01,Riau,Siak,"8.475"
109,KHG Sungai Bentayan - Sungai Penimpahan,KHG.16.06-07.04,Sumatera Selatan,"Banyuasin, Musi Banyuasin","42.999"
110,KHG Sungai Betara - Sungai Mendahara,KHG.15.06-07.01,Jambi,"Tanjung Jabung Barat, Tanjung Jabung Timur","84.737"
111,KHG Sungai Boang - Sungai Basira,KHG.14.04.06,Riau,Indragiri Hilir,"8.039"
112,KHG Sungai Bunut - Sungai Umban,KHG.14.03-08.02,Riau,"Bengkalis, Siak","17.426"
113,KHG Sungai Burnai - Sungai Sibumbung,KHG.16.02.05,Sumatera Selatan,Ogan Komering Ilir,"86.679"
114,KHG Sungai Burung - Sungai Way Mesuji,KHG.16.02.08,Sumatera Selatan,Ogan Komering Ilir,"87.496"
115,KHG Sungai Enok - Sungai Batang,KHG.14.04.11,Riau,Indragiri Hilir,"96.169"
116,KHG Sungai Gasip - Sungai Siak,KHG.14.08.05,Riau,Siak,"7.856"
117,KHG Sungai Gaung - Sungai Batangtuaka,KHG.14.02-04.01,Riau,"Indragiri Hilir, Indragiri Hulu","315.357"
118,KHG Sungai Gongan - Sungai Nilo,KHG.14.05.07,Riau,Pelalawan,"23.740"
119,KHG Sungai Indragiri,KHG.14.02.03,Riau,Indragiri Hulu,"1.935"
120,KHG Sungai Indragiri - Sungai Batang,KHG.14.02-04.02,Riau,"Indragiri Hilir, Indragiri Hulu","82.822"
121,KHG Sungai Indragiri - Sungai Belilas,KHG.14.02.01,Riau,Indragiri Hulu,"23.869"
122,KHG Sungai Indragiri - Sungai Cenaku,KHG.14.02.04,Riau,Indragiri Hulu,"32.627"
123,KHG Sungai Indragiri - Sungai Ekok,KHG.14.02.02,Riau,Indragiri Hulu,"4.264"
124,KHG Sungai Indragiri - Sungai Enok,KHG.14.04.08,Riau,Indragiri Hilir,"56.003"
125,KHG Sungai Indragiri - Sungai Tuana,KHG.14.04.09,Riau,Indragiri Hilir,"16.257"
126,KHG Sungai Jeruk - Selat Bangka,KHG.19.01.04,Bangka Belitung,Bangka,"2.044"
127,KHG Sungai Kalumpang,KHG.16.05.02,Sumatera Selatan,Musirawas,"7.208"
128,KHG Sungai Kampar - Sungai Gaung,KHG.14.02-04-05.01,Riau,"Indragiri Hilir, Indragiri Hulu, Pelalawan","710.823"
129,KHG Sungai Kampar Kiri - Sungai Lipai,KHG.14.01.01,Riau,Kampar,"3.977"
130,KHG Sungai Kampar Kiri - Sungai Segati,KHG.14.01-05.02,Riau,"Kampar, Pelalawan","20.210"
131,KHG Sungai Kanan - Sungai Buluh,KHG.14.04.04,Riau,Indragiri Hilir,"13.002"
132,KHG Sungai Kanopan - Sungai Kuala,KHG.12.23.01,Sumatera Utara,Labuhanbatu Utara,"9.196"
133,KHG Sungai Ketiak - Sengai Bikang,KHG.19.03.02,Bangka Belitung,Bangka Selatan,"14.369"
134,KHG Sungai Kiyap - Sungai Kampar Kiri,KHG.14.01-05.01,Riau,Kampar,"72.672"
135,KHG Sungai Kiyap - Sungai Kerinci,KHG.14.01-05-11.01,Riau,"Kampar, Pelalawan, Siak","58.477"
136,KHG Sungai Kiyap - Sungai Kerumutan,KHG.14.05.05,Riau,Pelalawan,"103.162"
137,KHG Sungai Kuala - Sungai Kuo,KHG.12.23.02,Sumatera Utara,Labuhan Batu Utara,"20.799"
138,KHG Sungai Kualuh Bilah - Sungai Barumun,KHG.12.10-22.01,Sumatera Utara,"Labuhan Batu, Labuhan Batu Selatan","77.619"
139,KHG Sungai Kuo - Sungai Kualuh Bilah,KHG.12.10-23.01,Sumatera Utara,"Labuhan Batu, Labuhan Batu Utara","74.601"
140,KHG Sungai Kurau - Sungai Kepuh,KHG.19.04.01,Bangka-belitung,Bangka Tengah,"4.230"
141,KHG Sungai Lalan - Sungai Merang,KHG.15-16.02,"Jambi, Sumatera Selatan","Muaro Jambi, Musi Banyuasin","84.091"
142,KHG Sungai Leidong - Sungai Kuala,KHG.12.09-23.02,Sumatera Utara,"Asahan, Labuhan Batu Utara","33.199"
143,KHG Sungai Leko - Sungai Minas,KHG.14.08.02,Riau,Siak,"9.793"
144,KHG Sungai Lepar,KHG.19.03.04,Bangka Belitung,Bangka Selatan,"1.920"
145,KHG Sungai Lipai - Sungai Bunut,KHG.14.01.02,Riau,Kampar,"4.624"
146,KHG Sungai Mandiangin - Sungai Siak,KHG.14.08.04,Riau,Siak,"17.647"
147,KHG Sungai Marbau - Sungai Kualuh Bilah,KHG.12.10-23.02,Sumatera Utara,"Labuhan Batu, Labuhan Batu Utara","11.864"
148,KHG Sungai Medak - Sungai Lalan,KHG.16.06.01,Sumatera Selatan,Musi Banyuasin,"24.589"
149,KHG Sungai Mejunto - Aek Selangkanan,KHG.17.06.01,Bengkulu,Muko-Muko,"6.185"
150,KHG Sungai Mencong 1,KHG.19.05.04,Bangka-belitung,Bangka Barat,"13.023"
151,KHG Sungai Mendahara - Sungai Batanghari,KHG.15.05-07-10.01,Jambi,"Kota Jambi, Muaro Jambi, Tanjung Jabung Timur","201.383"
152,KHG Sungai Mendawai - Sungai Gasip,KHG.14.08.06,Riau,Siak,"4.681"
153,KHG Sungai Merang - Sungai Ngirawan,KHG.16.06-07.01,Sumatera Selatan,"Banyuasin, Musi Banyuasin","82.021"
154,KHG Sungai Merusi - Sungai Belanak,KHG.14.04.03,Riau,Indragiri Hilir,"5.585"
155,KHG Sungai Mesao - Aek Rawas,KHG.15.03.01,Jambi,Sarolangun,"5.182"
156,KHG Sungai Mesuji - Sungai Kebumangah,KHG.18.11.01,Lampung,Mesuji,"37.046"
157,KHG Sungai Mesuji - Sungai Tulangbawang,KHG.18.05-11.01,Lampung,"Mesuji, Tulang Bawang","53.171"
158,KHG Sungai Minas - Sungai Mandiangin,KHG.14.08.03,Riau,Siak,"5.117"
159,KHG Sungai Musi - Sungai Aek Lematang,KHG.16.03.02,Sumatera Selatan,Muaraenim,"25.677"
160,KHG Sungai Musi - Sungai Blidah,KHG.16.03-07.01,Sumatera Selatan,"Banyuasin, Muaraenim","31.167"
161,KHG Sungai Musi - Sungai Empasan,KHG.16.05-06.02,Sumatera Selatan,"Musibanyuasin, Musirawas","21.934"
162,KHG Sungai Musi - Sungai Penu,KHG.16.03-06.01,Sumatera Selatan,"Muaraenim, Musi Banyuasin","27.814"
163,KHG Sungai Musi - Sungai Rawas,KHG.16.05-06.01,Sumatera Selatan,"Musi Banyuasin, Musirawas","14.356"
164,KHG Sungai Musi - Sungai Saleh,KHG.16.07.06,Sumatera Selatan,Banyuasin,"45.027"
165,KHG Sungai Nata - Sungai Sinunukan,KHG.12.13.06,Sumatera Utara,Mandailing Natal,"2.728"
166,KHG Sungai Ngirawan - Sungai Sembilang,KHG.16.06-07.02,Sumatera Selatan,"Banyuasin, Musi Banyuasin","73.475"
167,KHG Sungai Nidir - Sungai Enok,KHG.14.04.10,Riau,Indragiri Hilir,"18.957"
168,KHG Sungai Nilo - Sungai Napuh,KHG.14.05.06,Riau,Pelalawan,"25.341"
169,KHG Sungai Pelanduk - Sungai Tumu,KHG.14.04.01,Riau,Indragiri Hilir,"42.853"
170,KHG Sungai Pengabuan - Sungai Baung,KHG.15.06.01,Jambi,Tanjungjabung Barat,"32.001"
171,KHG Sungai Penimpahan - Sungai Air Hitam,KHG.16.07.01,Sumatera Selatan,Banyuasin,"14.467"
172,KHG Sungai Penu - Sungai Abah,KHG.16.03.01,Sumatera Selatan,Muaraenim,"7.710"
173,KHG Sungai Pergam - Sungai Pucuk Besar,KHG.14.04.05,Riau,Indragiri Hilir,"8.992"
174,KHG Sungai Rokan - Sungai Kubu,KHG.14.07.01,Riau,Rokan Hilir,"142.165"
175,KHG Sungai Rokan - Sungai Siak Kecil,KHG.14.03-07-12.01,Riau,"Bengkalis, Kota Dumai, Rokan Hilir","832.458"
176,KHG Sungai Rokan Kiri - Sungai Mandau,KHG.14.01-03-06-08.01,Riau,"Bengkalis, Kampar, Rokan Hulu, Siak","222.562"
177,KHG Sungai Rotoh - Sungai Bang,KHG.14.04.07,Riau,Indragiri Hilir,"5.130"
178,KHG Sungai Rumpit - Sungai Rawas,KHG.16.05.03,Sumatera Selatan,Musirawas,"48.298"
179,KHG Sungai Saleh - Sungai Batanghari,KHG.16.07.07,Sumatera Selatan,Banyuasin,"11.760"
180,KHG Sungai Saleh - Sungai Sugihan,KHG.16.02-07.01,Sumatera Selatan,"Banyuasin, Ogan Komering Ilir","190.230"
181,KHG Sungai Sangku - Bah Kambang,KHG.13.01.07,Sumatera Barat,Pesisir Selatan,"4.853"
182,KHG Sungai Selan,KHG.19.01-04.01,Bangka Belitung,"Bangka, Bangka Tengah","16.105"
183,KHG Sungai Selan - Sungai Bangka,KHG.19.03-04.01,Bangka Belitung,"Bangka Selatan, Bangka Tengah","9.695"
184,KHG Sungai Selangkanan - Aek Bakal Kecil,KHG.17.06.02,Bengkulu,Muko-muko,"2.758"
185,KHG Sungai Sembilang - Sungai Lalan,KHG.16.06-07.03,Sumatera Selatan,"Banyuasin, Musi Banyuasin","84.670"
186,KHG Sungai Senama Kecil - Sungai Rajaelok,KHG.14.04.02,Riau,Indragiri Hilir,"12.431"
187,KHG Sungai Senua,KHG.19.03.03,Bangka-belitung,Bangka Selatan,"7.164"
188,KHG Sungai Siak - Sungai Kampar,KHG.14.05-08.01,Riau,"Pelalawan, Siak","722.929"
189,KHG Sungai Siak Kecil - Sungai Siak,KHG.14.03-08.01,Riau,"Bengkalis, Siak","163.787"
190,KHG Sungai Sibumbung - Sungai Talangrimba,KHG.16.02.04,Sumatera Selatan,Ogan Komering Ilir,"105.308"
191,KHG Sungai Sugihan - Sungai Lumpur,KHG.16.02.01,Sumatera Selatan,Ogan Komering Ilir,"636.828"
192,KHG Sungai Tabat - Batang Masangkiri,KHG.13.06-12.01,Sumatera Barat,"Agam, Pasaman Barat","15.354"
193,KHG Sungai Talang - Sungai Ulakkedondong,KHG.16.02.03,Sumatera Selatan,Ogan Komering Ilir,"10.432"
194,KHG Sungai Tandatuan - Sungai Beberi,KHG.16.02.06,Sumatera Selatan,Ogan Komering Ilir,"8.707"
195,KHG Sungai Tanjung Kampak - Sungai Kampak,KHG.19.05.01,Bangka-belitung,Bangka Barat,"2.198"
196,KHG Sungai Tanjung Mangkubung - Sungai Antan,KHG.19.05.02,Bangka-belitung,Bangka Barat,"3.990"
197,KHG Sungai Tanjung Mangkubung - Sungai Gendir,KHG.19.01.01,Bangka-belitung,Bangka,839
198,KHG Sungai Tanjung Mangkubung - Sungai Kayu Anak,KHG.19.01.02,Bangka-belitung,Bangka,"3.602"
199,KHG Sungai Tanjung Mangkubung - Sungai Sampul,KHG.19.05.03,Bangka-belitung,Bangka Barat,"2.381"
200,KHG Sungai Tapung Kiri - Sungai Kiyap,KHG.14.01-11.01,Riau,"Kampar, Kota Pekanbaru","46.863"
201,KHG Sungai Tumu,KHG.14.04.13,Riau,Indragiri Hilir,946
202,KHG Sungai Ulakkedondong - Sungai Lumpur,KHG.16.02.02,Sumatera Selatan,Ogan Komering Ilir,"71.761"
203,KHG Sungai Ulin - Sungai Kemis,KHG.19.03.01,Bangka-belitung,Bangka Selatan,"5.193"
204,KHG Tanjung Raya - Sungai Songehitfun,KHG.19.01.03,Bangka-belitung,Bangka,"1.337"
205,KHG Way Seputih,KHG.18.02.01,Lampung,Lampung Tengah,"1.738"
206,KHG Way Terusan,KHG.18.05.01,Lampung,Tulangbawang,"1.047"
207,KHG Way Wako - Way Kambas,KHG.18.07.01,Lampung,Lampung Timur,"4.784" 
208,KHG Pulau Tanbuayabuaya,KHG.64.03.03,Kalimantan Timur,Berau,223
209,KHG Pulau Tanjungbuaya-buaya,KHG.64.03.05,Kalimantan Timur,Berau,"2.882"
210,KHG Sei Batu Putih,KHG.64.03.04,Kalimantan Timur,Berau,"1.984"
211,KHG Sungai Akar,KHG.61.09.01,Kalimantan Barat,Sekadau,"4.078"
212,KHG Sungai Ambawang - Sungai Kubu,KHG.61.12.06,Kalimantan Barat,Kuburaya,"50.939"
213,KHG Sungai Ambawang - Sungai Landak,KHG.61.12-03.01,Kalimantan Barat,"Kuburaya, Sanggau","35.281"
214,KHG Sungai Arut,KHG.62.01.03,Kalimantan Tengah,Kotawaringin Barat,"14.428"
215,KHG Sungai Balangan - Sungai Batangalai,KHG.63.07-08-11.01,Kalimantan Selatan,"Balangan, Hulusungai Tengah, Hulusungai Utara","30.859"
216,KHG Sungai Bangkudulisungai,KHG.65.04.06,Kalimantan Utara,Tanatidung,"5.905"
217,KHG Sungai Bangkudulisungai - Sungai Umbus,KHG.65.04.07,Kalimantan Utara,Tanatidung,"2.106"
218,KHG Sungai Barito - Sungai Alalak,KHG.63.03-05.01,Kalimantan Selatan,"Banjar, Tapin","47.935"
219,KHG Sungai Barito - Sungai Ayuh,KHG.62.04.01,Kalimantan Tengah,Barito Selatan,"37.259"
220,KHG Sungai Barito - Sungai Napu,KHG.62.04.02,Kalimantan Tengah,Barito Selatan,"9.968"
221,KHG Sungai Barito - Sungai Taping,KHG.63.04-05-06-08.01,Kalimantan Selatan,"Baritokuala, Hulusungai Selatan, Hulusungai Utara, Tapin","112.227"
222,KHG Sungai Batang Kalis - Sungai Maday,KHG.61.06.10,Kalimantan Barat,Kapuas Hulu,"13.874"
223,KHG Sungai Belanyu - Sungai Balai,KHG.65.04.05,Kalimantan Utara,Tanatidung,"3.333"
224,KHG Sungai Belanyu - Sungai Barang,KHG.65.04.04,Kalimantan Utara,Tanatidung,"1.640"
225,KHG Sungai Belayan - Sungai Kelinjau,KHG.64.02-08.01,Kalimantan Timur,"Kutai Kartanegara, Kutai Timur","109.804"
226,KHG Sungai Belayan - Sungai Melintang,KHG.64.02.01,Kalimantan Timur,Kutai Kartanegara,"46.005"
227,KHG Sungai Belimbing - Sungai Menunuh,KHG.61.10.03,Kalimantan Barat,Melawi,806
228,KHG Sungai Belitung - Sungai Kapuas,KHG.61.06.01,Kalimantan Barat,Kapuas Hulu,"112.133"
229,KHG Sungai Berantai - Sungai Penyengat Besar,KHG.61.04.12,Kalimantan Barat,Ketapang,"3.374"
230,KHG Sungai Bila - Sungai Rasaw,KHG.62.01-08.01,Kalimantan Tengah,"Kotawaringin Barat, Sukamara","24.346"
231,KHG Sungai Bulu - Sungai Mangkurat,KHG.61.05.15,Kalimantan Barat,Sintang,876
232,KHG Sungai Buluh Besar,KHG.62.01-07.02,Kalimantan Tengah,"Kotawaringin Barat, Seruyan","134.782"
233,KHG Sungai Buluh Besar - Sungai Seruyan,KHG.62.01-07.01,Kalimantan Tengah,"Kotawaringin Barat, Seruyan","342.852"
234,KHG Sungai Bunut - Sungai Kapuas,KHG.61.06.08,Kalimantan Barat,Kapuas Hulu,"91.960"
235,KHG Sungai Dadau - Sungai Sikan,KHG.61.01.02,Kalimantan Barat,Sambas,"14.023"
236,KHG Sungai Duri - Sungai Raya,KHG.61.07.02,Kalimantan Barat,Bengkayang,"21.241"
237,KHG Sungai Durian - Sungai Kualan,KHG.61.11-04.01,Kalimantan Barat,"Kayong Utara, Ketapang","155.106"
238,KHG Sungai Durian - Sungai Labai,KHG.61.12.09,Kalimantan Barat,Kuburaya,"44.437"
239,KHG Sungai Embalon - Sungai Palin,KHG.61.06.02,Kalimantan Barat,Kapuas Hulu,"42.755"
240,KHG Sungai Embau - Sungai Kapuas,KHG.61.06.07,Kalimantan Barat,Kapuas Hulu,"43.358"
241,KHG Sungai Inggis - Sungai Kapuas,KHG.61.03-09.02,Kalimantan Barat,"Sanggau, Sekadau","5.766"
242,KHG Sungai Jelai - Sungai Bila,KHG.61-62.01,"Kalimantan Barat, Kalimantan Tengah","Ketapang, Sukamara","31.559"
243,KHG Sungai Jempang - Sungai Kedangpahu,KHG.64.07.02,Kalimantan Timur,Kutai Barat,"15.624"
244,KHG Sungai Jenu - Sungai Labai,KHG.61.12.08,Kalimantan Barat,Kuburaya,"11.188"
245,KHG Sungai Jerora - Sungai Majau,KHG.61.05.12,Kalimantan Barat,Sintang,"3.746"
246,KHG Sungai Kahayan - Sungai Kapuas,KHG.62.03-11.01,Kalimantan Tengah,"Kapuas, Pulangpisau","400.320"
247,KHG Sungai Kahayan - Sungai Sebangau,KHG.62.11-14.02,Kalimantan Tengah,"Katingan, Pulangpisau","451.507"
248,KHG Sungai Kapuas,KHG.61.12.03,Kalimantan Barat,Kuburaya,"6.627"
249,KHG Sungai Kapuas - Sungai Menukung,KHG.61.03.13,Kalimantan Barat,Sanggau,"4.840"
250,KHG Sungai Kapuas - Sungai Ambawang,KHG.61.71-12-03.01,Kalimantan Barat,"Kota Pontianak, Kuburaya, Sanggau","157.992"
251,KHG Sungai Kapuas - Sungai Asam,KHG.61.09.04,Kalimantan Barat,Sekadau,642
252,KHG Sungai Kapuas - Sungai Ayak,KHG.61.09.02,Kalimantan Barat,Sekadau,"7.391"
253,KHG Sungai Kapuas - Sungai Baiangtuk,KHG.61.05.10,Kalimantan Barat,Sintang,"26.270"
254,KHG Sungai Kapuas - Sungai Barito,KHG.62.03-04.01,Kalimantan Tengah,"Barito Selatan, Kapuas","558.168"
255,KHG Sungai Kapuas - Sungai Beran,KHG.61.06.13,Kalimantan Barat,Kapuas Hulu,"2.762"
256,KHG Sungai Kapuas - Sungai Campedik,KHG.61.03.01,Kalimantan Barat,Sanggau,"6.050"
257,KHG Sungai Kapuas - Sungai Dawak,KHG.61.12.05,Kalimantan Barat,Kuburaya,"2.363"
258,KHG Sungai Kapuas - Sungai Dekan Besar,KHG.61.03.10,Kalimantan Barat,Sanggau,"1.162"
259,KHG Sungai Kapuas - Sungai Embau,KHG.61.06.06,Kalimantan Barat,Kapuas Hulu,"21.597"
260,KHG Sungai Kapuas - Sungai Jelawat Besar,KHG.61.06-05.03,Kalimantan Barat,"Kapuas Hulu, Sintang","3.749"
261,KHG Sungai Kapuas - Sungai Jentu,KHG.61.06-05.01,Kalimantan Barat,"Kapuas Hulu, Sintang","18.472"
262,KHG Sungai Kapuas - Sungai Ketungau,KHG.61.05.08,Kalimantan Barat,Sintang,"36.098"
263,KHG Sungai Kapuas - Sungai Kubu,KHG.61.09.03,Kalimantan Barat,Sekadau,"1.796"
264,KHG Sungai Kapuas - Sungai Maday,KHG.61.06.09,Kalimantan Barat,Kapuas Hulu,"38.543"
265,KHG Sungai Kapuas - Sungai Mandor,KHG.61.02-08-12-71.01,Kalimantan Barat,"Kota Pontianak, Kuburaya, Sanggau, Landak, Pontianak","76.506"
266,KHG Sungai Kapuas - Sungai Mangkutup,KHG.62.03.01,Kalimantan Tengah,"Kapuas, Pulangpisau","77.714"
267,KHG Sungai Kapuas - Sungai Manyam,KHG.61.05.09,Kalimantan Barat,Sintang,688
268,KHG Sungai Kapuas - Sungai Melawi,KHG.61.05.11,Kalimantan Barat,Sintang,"1.524"
269,KHG Sungai Kapuas - Sungai Mendawak,KHG.61.03.06,Kalimantan Barat,Sanggau,"70.292"
270,KHG Sungai Kapuas - Sungai Muna,KHG.61.03.08,Kalimantan Barat,Sanggau,"1.809"
271,KHG Sungai Kapuas - Sungai Muntik,KHG.61.06.12,Kalimantan Barat,Kapuas Hulu,398
272,KHG Sungai Kapuas - Sungai Murui,KHG.62.03.02,Kalimantan Tengah,Kapuas,"68.163"
273,KHG Sungai Kapuas - Sungai Rusan,KHG.61.03.11,Kalimantan Barat,Sanggau,692
274,KHG Sungai Kapuas - Sungai Sebidau,KHG.61.09.05,Kalimantan Barat,Sekadau,"1.564"
275,KHG Sungai Kapuas - Sungai Segelam,KHG.61.03.07,Kalimantan Barat,Sanggau,"2.614"
276,KHG Sungai Kapuas - Sungai Separoh,KHG.61.12.04,Kalimantan Barat,Kuburaya,"3.866"
277,KHG Sungai Kapuas - Sungai Sibau,KHG.61.06.04,Kalimantan Barat,Kapuas Hulu,"73.236"
278,KHG Sungai Kapuas - Sungai Tayan,KHG.61.03.05,Kalimantan Barat,Sanggau,"1.413"
279,KHG Sungai Kapuas - Sungai Tembaga,KHG.61.03.12,Kalimantan Barat,Sanggau,"1.358"
280,KHG Sungai Kariabu,KHG.64.03.06,Kalimantan Timur,Berau,369
281,KHG Sungai Katingan - Sungai Klaru,KHG.62.06.02,Kalimantan Tengah,Katingan,"28.378"
282,KHG Sungai Katingan - Sungai Mentaya,KHG.62.02-06.01,Kalimantan Tengah,"Katingan, Kotawaringin Timur","361.296"
283,KHG Sungai Katingan - Sungai Sebangau,KHG.62.06-11-14.01,Kalimantan Tengah,"Katingan, Kota Palangkaraya","823.060"
284,KHG Sungai Kedangyantau - Sungai Sabintulung,KHG.64.02.02,Kalimantan Timur,Kutai Kartanegara,"37.930"
285,KHG Sungai Kedukul,KHG.61.03-09.01,Kalimantan Barat,"Sanggau, Sekadau","1.649"
286,KHG Sungai Kedupan - Sungai Layah,KHG.64.02-07.01,Kalimantan Timur,"Kutai Barat, Kutai Kartanegara","10.542"
287,KHG Sungai Kelinjau - Sungai Kedangyantau,KHG.64.02-08.02,Kalimantan Timur,"Kutai Kartanegara, Kutai Timur","31.279"
288,KHG Sungai Keludai - Sungai Merakai,KHG.61.05.06,Kalimantan Barat,Sintang,936
289,KHG Sungai Kepulu - Sungai Pesaguan,KHG.61.04.09,Kalimantan Barat,Ketapang,"13.570"
290,KHG Sungai Keramat - Sungai Jelai,KHG.61.04.14,Kalimantan Barat,Ketapang,"21.641"
291,KHG Sungai Ketungau - Sungai Berau,KHG.61.06-05.02,Kalimantan Barat,"Kapuas Hulu, Sintang","5.888"
292,KHG Sungai Ketungau - Sungai Mualang,KHG.61.05.03,Kalimantan Barat,Sintang,"1.376"
293,KHG Sungai Ketungau - Sungai Segarau,KHG.61.05.07,Kalimantan Barat,Sintang,"13.220"
294,KHG Sungai Ketungau - Sungai Sejelu,KHG.61.05.01,Kalimantan Barat,Sintang,682
295,KHG Sungai Ketungau - Sungai Serasau,KHG.61.05.02,Kalimantan Barat,Sintang,346
296,KHG Sungai Kualan - Sungai Lelayang,KHG.61.04.05,Kalimantan Barat,Ketapang,"2.017"
297,KHG Sungai Kualan - Sungai Sekucing,KHG.61.04.04,Kalimantan Barat,Ketapang,"10.525"
298,KHG Sungai Kubu - Sungai Pungurbesar,KHG.61.12.02,Kalimantan Barat,Kuburaya,"23.501"
299,KHG Sungai Kumai - Sungai Sekonyer,KHG.62.01.05,Kalimantan Tengah,Kotawaringin Barat,"14.308"
300,KHG Sungai Kumba - Sungai Setap,KHG.61.01-07.02,Kalimantan Barat,"Bengkayang, Sambas","32.004"
301,KHG Sungai Kungan - Sungai Ketungau,KHG.61.05.04,Kalimantan Barat,Sintang,"1.663"
302,KHG Sungai Labai,KHG.61.04.01,Kalimantan Barat,Ketapang,"11.289"
303,KHG Sungai Labai - Sungai Ambawang Besar,KHG.61.03.14,Kalimantan Barat,Sanggau,"1.786"
304,KHG Sungai Labai - Sungai Bantilkecil,KHG.61.04.02,Kalimantan Barat,Ketapang,"1.345"
305,KHG Sungai Labai - Sungai Kualan,KHG.61.04.03,Kalimantan Barat,Ketapang,"40.808"
306,KHG Sungai Lamandau - Sungai Arut,KHG.62.01.02,Kalimantan Tengah,Kotawaringin Barat,"44.045"
307,KHG Sungai Lamandau - Sungai Jelai,KHG.62.01-08.02,Kalimantan Tengah,"Kotawaringin Barat, Sukamara","216.493"
308,KHG Sungai Lamandau - Sungai Kumai,KHG.62.01.04,Kalimantan Tengah,Kotawaringin Barat,"90.583"
309,KHG Sungai Lamandau - Sungai Sematu,KHG.62.01-09.01,Kalimantan Tengah,"Kotawaringin Barat, Lamandau","4.160"
310,KHG Sungai Lenggo,KHG.64.03.01,Kalimantan Timur,Berau,"1.736"
311,KHG Sungai Mading - Sungai Jelai,KHG.61.04.15,Kalimantan Barat,Ketapang,"18.282"
312,KHG Sungai Mahakam - Sungai Kedangpahu,KHG.64.07.01,Kalimantan Timur,"Kutai Barat, Kutai Kartanegara","20.418"
313,KHG Sungai Mahakam - Sungai Sabintulung,KHG.64.02.03,Kalimantan Timur,Kutai Kartanegara,"12.905"
314,KHG Sungai Mandor - Sungai Landak,KHG.61.08.02,Kalimantan Barat,Landak,"8.320"
315,KHG Sungai Mandor - Sungai Temila,KHG.61.08-12.01,Kalimantan Barat,"Kuburaya, Landak","20.765"
316,KHG Sungai Mange - Sungai Dadau,KHG.61.01.01,Kalimantan Barat,Sambas,"29.506"
317,KHG Sungai Mangkatip - Sungai Barito 1,KHG.62.03.03,Kalimantan Tengah,Kapuas,"33.225"
318,KHG Sungai Mangkatip - Sungai Barito 2,KHG.62.04.03,Kalimantan Tengah,Barito Selatan,"18.470"
319,KHG Sungai Matan - Sungai Rantaupanjang,KHG.61.11.02,Kalimantan Barat,Kayong Utara,"28.253"
320,KHG Sungai Matan -Sungai Semandang,KHG.61.11-04.02,Kalimantan Barat,"Kayong Utara, Ketapang","19.419"
321,KHG Sungai Melawi,KHG.61.05.19,Kalimantan Barat,Sintang,559
322,KHG Sungai Melawi - Sungai Batunanta,KHG.61.05-10.01,Kalimantan Barat,"Melawi, Sintang","13.447"
323,KHG Sungai Melawi - Sungai Belimbing,KHG.61.10.01,Kalimantan Barat,Melawi,"1.454"
324,KHG Sungai Melawi - Sungai Sirai,KHG.61.05.18,Kalimantan Barat,Sintang,"2.997"
325,KHG Sungai Melawi - Sungai Takelak,KHG.61.10.02,Kalimantan Barat,Melawi,"1.359"
326,KHG Sungai Melintang - Sungai Layah,KHG.64.02-07.02,Kalimantan Timur,"Kutai Barat, Kutai Kartanegara","43.563"
327,KHG Sungai Mempawah - Sungai Duri,KHG.61.02.01,Kalimantan Barat,Bengkayang,"39.028"
328,KHG Sungai Mempawah - Sungai Peniti,KHG.61.02-08.01,Kalimantan Barat,"Landak, Pontianak","51.045"
329,KHG Sungai Mendalam - Sungai Sambus,KHG.61.06.05,Kalimantan Barat,Kapuas Hulu,"2.215"
330,KHG Sungai Mentarang - Sungai Belayu,KHG.65.04.03,Kalimantan Utara,Tanatidung,"32.745"
331,KHG Sungai Mentarang - Sungai Siduyun,KHG.65.04.02,Kalimantan Utara,Tanatidung,"3.353"
332,KHG Sungai Mentarang- Sungai Sembakung,KHG.65.02-03-04.01,Kalimantan Utara,"Malinau, Nunukan, Tanatidung","160.471"
333,KHG Sungai Mentaya - Sungai Cempaga,KHG.62.02.03,Kalimantan Tengah,Kotawaringin Timur,"53.383"
334,KHG Sungai Mentaya - Sungai Seranau Kiri,KHG.62.02.02,Kalimantan Tengah,Kotawaringin Timur,"22.159"
335,KHG Sungai Mentaya - Sungai Tualan,KHG.62.02.01,Kalimantan Tengah,Kotawaringin Timur,"11.350"
336,KHG Sungai Menterap - Sungai Kerabat,KHG.61.09.08,Kalimantan Barat,Sekadau,"1.433"
337,KHG Sungai Mias - Sungai Perogang,KHG.61.03.04,Kalimantan Barat,Sanggau,"3.046"
338,KHG Sungai Munguk - Sungai Melawi,KHG.61.05.14,Kalimantan Barat,Sintang,"1.464"
339,KHG Sungai Nahaya - Sungai Landak,KHG.61.08.06,Kalimantan Barat,Landak,"4.294"
340,KHG Sungai Nyabau - Sungai Palin,KHG.61.06.03,Kalimantan Barat,Kapuas Hulu,"4.113"
341,KHG Sungai Pasir - Sungai Kuaro,KHG.64.01.01,Kalimantan Timur,Paser,"5.827"
342,KHG Sungai Pawan - Sungai Kepulu,KHG.61.04.08,Kalimantan Barat,Ketapang,"64.538"
343,KHG Sungai Pawan - Sungai Tolak,KHG.61.04.07,Kalimantan Barat,Ketapang,"113.800"
344,KHG Sungai Penyangkat - Sungai Selat Maya,KHG.61.12.10,Kalimantan Barat,Kuburaya,"93.020"
345,KHG Sungai Pukun - Sungai Kelua Besar,KHG.62.07.03,Kalimantan Tengah,Seruyan,"72.655"
346,KHG Sungai Pukun - Sungai Mentaya,KHG.62.02-07.02,Kalimantan Tengah,"Kotawaringin Timur, Seruyan","303.798"
347,KHG Sungai Pukun - Sungai Seruyan,KHG.62.02-07.01,Kalimantan Tengah,"Kotawaringin Timur, Seruyan","97.455"
348,KHG Sungai Punggurbesar - Sungai Ambawang,KHG.61.12.01,Kalimantan Barat,Kuburaya,"55.443"
349,KHG Sungai Pungurbesar - Sungai Kapuas,KHG.61.12-71.01,Kalimantan Barat,"Kota Pontianak, Kuburaya","101.269"
350,KHG Sungai Rambai - Sungai Meliau,KHG.61.03.09,Kalimantan Barat,Sanggau,705
351,KHG Sungai Rasaw - Sungai Lamandau,KHG.62.01.01,Kalimantan Tengah,Kotawaringin Barat,"38.012"
352,KHG Sungai Raya - Sungai Pangnilang,KHG.61.72-7.01,Kalimantan Barat,"Bengkayang, Kota Singkawang","13.032"
353,KHG Sungai Rungan - Sungai Kahayan,KHG.62.11-14.01,Kalimantan Tengah,"Kota Palangkaraya, Pulangpisau","111.156"
354,KHG Sungai Sabuak - Sungai Landak,KHG.61.07.03,Kalimantan Barat,Landak,"6.190"
355,KHG Sungai Samabas Kecil - Sungai Teberau,KHG.61.01.06,Kalimantan Barat,Sambas,"8.908"
356,KHG Sungai Sambas Besar - Sungai Kumba,KHG.61.01.09,Kalimantan Barat,Sambas,"9.365"
357,KHG Sungai Sambas Besar - Sungai Seiyung,KHG.61.01.05,Kalimantan Barat,Sambas,"68.300"
358,KHG Sungai Sambas Besar - Sungai Sijang,KHG.61.01.04,Kalimantan Barat,Sambas,"20.766"
359,KHG Sungai Sambas Kecil - Sungai Sambas Besar,KHG.61.01.08,Kalimantan Barat,Sambas,"7.446"
360,KHG Sungai Sambih,KHG.61.08.03,Kalimantan Barat,Landak,"1.960"
361,KHG Sungai Sambih - Sungai Landak,KHG.61.08.04,Kalimantan Barat,Landak,"19.166"
362,KHG Sungai Sampang - Sungai Kala,KHG.62.06.01,Kalimantan Tengah,Katingan,"31.278"
363,KHG Sungai Sebuku,KHG.65.03.02,Kalimantan Utara,Nunukan,"14.523"
364,KHG Sungai Sebuku - Sungai Sembakung,KHG.65.03.01,Kalimantan Utara,Nunukan,"117.981"
365,KHG Sungai Sedaung - Sungai Itai,KHG.65.03.04,Kalimantan Utara,Nunukan,"2.153"
366,KHG Sungai Sedawar - Sungai Sambas Besar,KHG.61.01.10,Kalimantan Barat,Sambas,827
367,KHG Sungai Sekadau - Sungai Kenawan,KHG.61.09.06,Kalimantan Barat,Sekadau,"2.030"
368,KHG Sungai Sekadau - Sungai Menterap,KHG.61.09.07,Kalimantan Barat,Sekadau,"3.515"
369,KHG Sungai Sekatau - Sungai Kebangak,KHG.61.05.05,Kalimantan Barat,Sintang,"1.009"
370,KHG Sungai Selakau,KHG.61.07.01,Kalimantan Barat,Bengkayang,"1.442"
371,KHG Sungai Selakau - Sungai Sebangkau,KHG.61.01.11,Kalimantan Barat,Sambas,"13.065"
372,KHG Sungai Selat Maya - Sungai Aping,KHG.61.11.01,Kalimantan Barat,Kayong Utara,"100.232"
373,KHG Sungai Sengah - Sungai Landak,KHG.61.08.05,Kalimantan Barat,Landak,"8.320"
374,KHG Sungai Sentinok - Sungai Kumba,KHG.61.01-07.01,Kalimantan Barat,"Bengkayang, Sambas","15.126"
375,KHG Sungai Seputuk - Sungai Rian,KHG.65.04.01,Kalimantan Utara,Tanatidung,"2.134"
376,KHG Sungai Seruyan - Sungai Kelua Besar,KHG.62.07.02,Kalimantan Tengah,Seruyan,"57.479"
377,KHG Sungai Seruyan - Sungai Sembuluh,KHG.62.07.01,Kalimantan Tengah,Seruyan,"42.247"
378,KHG Sungai Siduk - Sungai Rantaupanjang,KHG.61.11.03,Kalimantan Barat,Kayong Utara,"28.493"
379,KHG Sungai Sijang - Sungai Bantanan,KHG.61.01.03,Kalimantan Barat,Sambas,"7.114"
380,KHG Sungai Sumbal - Sungai Samadik,KHG.65.03.03,Kalimantan Utara,Nunukan,"3.767"
381,KHG Sungai Suruk - Sungai Mentebah,KHG.61.06.11,Kalimantan Barat,Kapuas Hulu,"5.742"
382,KHG Sungai Talungai - Sungai Emparayau,KHG.61.05.13,Kalimantan Barat,Sintang,"5.507"
383,KHG Sungai Tanbuayabuaya - Sungai Domaring,KHG.64.03.02,Kalimantan Timur,Berau,"1.260"
384,KHG Sungai Tapah - Sungai Pesaguan,KHG.61.04.10,Kalimantan Barat,Ketapang,"19.755"
385,KHG Sungai Tayan,KHG.61.03.02,Kalimantan Barat,Sanggau,"2.654"
386,KHG Sungai Tayan - Sungai Muna,KHG.61.03.03,Kalimantan Barat,Sanggau,"3.799"
387,KHG Sungai Teberau - Sungai Sambas Kecil,KHG.61.01.07,Kalimantan Barat,Sambas,"7.538"
388,KHG Sungai Temila - Sungai Mandor,KHG.61.08.01,Kalimantan Barat,Landak,"13.518"
389,KHG Sungai Tempunak,KHG.61.05.16,Kalimantan Barat,Sintang,"6.334"
390,KHG Sungai Tempunak - Sungai Penjernang,KHG.61.05.17,Kalimantan Barat,Sintang,"5.587"
391,KHG Sungai Tengar - Sungai Tapah,KHG.61.04.11,Kalimantan Barat,Ketapang,"39.734"
392,KHG Sungai Terentang - Sungai Kapuas,KHG.61.12.07,Kalimantan Barat,Kuburaya,"186.167"
393,KHG Sungai Terusan teladan,KHG.65.04.08,Kalimantan Utara,Tanatidung,934
394,KHG Sungai Terusanraya - Sungai Kapuasmurung,KHG.62.03.04,Kalimantan Tengah,Kapuas,"4.248"
395,KHG Sungai Tolak - Sungai Siduk,KHG.61.04.06,Kalimantan Barat,Ketapang,"28.008"
396,KHG Sungai Utar - Sungai Serapat,KHG.62-63.01,"Kalimantan Selatan, Kalimantan Tengah","Hulusungai Utara, Tabalong, Barito Selatan, Barito Timur","107.737"
397,KHG Sungai Yebour - Sungai Landak,KHG.61.08-12-3.1,Kalimantan Barat,"Kuburaya, Landak, Sanggau","33.779"
398,KHG Sungai Laa - Sungai Petasia,KHG.72.06.01,Sulawesi Tengah,Morowali,"12.369"
399,KHG Sungai Pasang Kayu - Sungai Bambalamotu,KHG.72.10-76.01.002,"Sulawesi Barat, Sulawesi Tengah","Mamuju Utara, Sigi","28.534"
400,KHG Sungai Salo Lariang - Sungai Pasang Kayu,KHG.72.10-76.01.001,"Sulawesi Barat, Sulawesi Tengah","Mamuju Utara, Sigi","19.265"
401,KHG Danau Lere,KHG.91.25.04,Papua,Puncak,"1.426"
402,KHG Kla Sayal - Sungai Kla Kaibus,KHG.92.04.38,Papua Barat,Sorong Selatan,"3.104"
403,KHG Pulau Kora-Kora,KHG.92.06.65,Papua Barat,Telukbintuni,"1.487"
404,KHG Pulau Rutomo,KHG.91.04.08,Papua,Nabire,"1.594"
405,KHG Pulau Sungai Raahiba - Sungai Ubuara,KHG.92.06.59,Papua Barat,Telukbintuni,"2.475"
406,KHG Pulau Warir I,KHG.92.05.03,Papua Barat,Rajaampat,237
407,KHG Pulau Warir II,KHG.92.05.02,Papua Barat,Rajaampat,115