stoichiometric_divergence,solar_unit_cost_log,emission_intensity,sector_intensity_zscore,yoy_change_ratio,energy_spend_per_ton_product,spend_ratio,process_emission_ratio,solar_price_residual_ratio,sector_is_semen,sector_is_manufaktur,sector_is_cpo,sector_is_logam,sector_is_pulp,sector_is_pltu,is_anomaly,anomaly_type
0.011793815,9.971827,0.94561493,0.28460702,0.03602112,880145.06,1074.3854,0.0,0.04456393,0.0,0.0,0.0,0.0,0.0,1.0,0,NORMAL
0.008077069,9.746834,0.21378191,0.84452647,-0.06891323,862565.2,247.84436,0.0,0.16590224,0.0,0.0,1.0,0.0,0.0,0.0,0,NORMAL
0.064817406,9.688718,0.38823423,1.8038738,0.0387053,1.0265755e+06,378.18384,0.0,0.21299757,0.0,1.0,0.0,0.0,0.0,0.0,0,NORMAL
0.9710486,10.006623,0.019198101,-7.884925,-0.97000885,804224.94,23.871557,0.57003695,0.081553064,1.0,0.0,0.0,0.0,0.0,0.0,1,IMPOSSIBLE_PRODUCTION_INTENSITY
0.0037910286,10.051587,0.41502476,-0.49963903,-0.033091888,1.0676448e+06,388.72928,0.0,0.13129611,0.0,0.0,0.0,0.0,1.0,0.0,0,NORMAL
0.03224261,9.993771,0.18210681,0.0526687,-0.026280578,910939.2,199.91106,0.0,0.06774009,0.0,0.0,1.0,0.0,0.0,0.0,0,NORMAL
0.897289,9.853767,0.011412587,-4.2145805,-0.92695016,251411.9,45.393982,0.0,0.071760386,0.0,0.0,1.0,0.0,0.0,0.0,1,IMPOSSIBLE_PRODUCTION_INTENSITY
0.18387705,9.771257,0.84809905,-0.7988907,-0.0073685823,849119.6,998.79816,0.0,0.14527896,0.0,0.0,0.0,0.0,0.0,1.0,0,NORMAL
0.111412056,6.678105,0.37314245,-1.0979491,0.045455128,326608.94,1142.4749,0.0,0.96127754,0.0,0.0,0.0,0.0,1.0,0.0,1,FUEL_COST_MISMATCH
0.041482773,10.051123,0.31502724,0.58377755,0.0018177809,985284.2,319.73236,0.0,0.1307703,0.0,1.0,0.0,0.0,0.0,0.0,0,NORMAL
0.19611941,10.048003,0.8627071,-0.6365811,-0.024251431,943786.25,914.0917,0.0,0.12724866,0.0,0.0,0.0,0.0,0.0,1.0,0,NORMAL
0.06643016,9.937787,0.66467136,0.18339004,0.018345911,413053.2,1609.1665,0.60784256,0.00960404,1.0,0.0,0.0,0.0,0.0,0.0,0,NORMAL
0.06604442,9.904896,0.39882085,-0.73112017,0.01855828,982220.3,406.0401,0.0,0.023064025,0.0,0.0,0.0,0.0,1.0,0.0,0,NORMAL
0.14637372,9.697205,0.504722,0.78173184,0.016691133,1.1344348e+06,444.91058,0.0,0.20628972,0.0,0.0,0.0,0.0,1.0,0.0,0,NORMAL
0.05953529,9.910432,0.39737526,1.9562217,0.020846037,1.262613e+06,314.7245,0.0,0.017640911,0.0,1.0,0.0,0.0,0.0,0.0,0,NORMAL
0.0575873,9.742151,0.22335976,1.0839669,-0.018091673,909744.5,245.51921,0.0,0.16979888,0.0,0.0,1.0,0.0,0.0,0.0,0,NORMAL
0.05840289,9.959427,0.23293701,1.323392,0.019360002,1.1381865e+06,204.65628,0.0,0.031691596,0.0,0.0,1.0,0.0,0.0,0.0,0,NORMAL
0.7351361,9.919229,0.12099568,-6.612471,-0.759763,290063.3,417.13538,0.8274556,0.008960175,1.0,0.0,0.0,0.0,0.0,0.0,1,UNDER_REPORTING_FRAUD
0.009195473,9.81792,0.2513614,-0.4773021,0.06296875,694426.4,361.96982,0.0,0.104447596,0.0,1.0,0.0,0.0,0.0,0.0,0,NORMAL
0.09321113,9.7877035,0.85961425,2.6201458,0.03200714,757436.3,1134.8998,0.3843344,0.13110462,1.0,0.0,0.0,0.0,0.0,0.0,0,NORMAL
0.17737982,9.727455,0.89948237,-0.22797132,0.045074027,875181.1,1027.7671,0.0,0.1819112,0.0,0.0,0.0,0.0,0.0,1.0,0,NORMAL
0.11424946,10.104201,0.34260502,-1.5341918,-0.0020953685,810522.3,422.6966,0.0,0.19241492,0.0,0.0,0.0,0.0,1.0,0.0,0,NORMAL
0.050888807,9.901404,0.5439073,1.3415136,0.06483511,1.1568919e+06,470.14532,0.0,0.026469227,0.0,0.0,0.0,0.0,1.0,0.0,0,NORMAL
0.010264172,9.787439,0.16659045,-1.8901278,0.06174115,520167.7,320.26297,0.0,0.13133413,0.0,1.0,0.0,0.0,0.0,0.0,0,NORMAL
0.42810568,9.903521,0.27227825,-6.3108616,-0.8669379,1.3960175e+06,195.03929,0.0,0.024407107,0.0,0.0,0.0,1.0,0.0,0.0,1,EXTREME_YOY_COLLAPSE
0.025614593,10.093879,0.21069911,0.76745844,0.004964138,1.1151612e+06,188.94049,0.0,0.18016902,0.0,0.0,1.0,0.0,0.0,0.0,0,NORMAL
0.008799611,9.77613,0.49605733,0.65795267,0.038876384,1.0955986e+06,452.7729,0.0,0.14110366,0.0,0.0,0.0,0.0,1.0,0.0,0,NORMAL
0.026694708,9.946147,0.20647223,0.6617891,-0.05102511,972463.1,212.31883,0.0,0.018080221,0.0,0.0,1.0,0.0,0.0,0.0,0,NORMAL
0.056334913,9.725737,0.22917908,-0.8470012,-0.007871552,716058.0,320.05658,0.0,0.18331583,0.0,1.0,0.0,0.0,0.0,0.0,0,NORMAL
0.031233702,9.727465,0.55401254,1.4858724,-0.014554591,1.2889489e+06,429.81732,0.0,0.18190348,0.0,0.0,0.0,0.0,1.0,0.0,0,NORMAL
0.048780344,9.956963,0.79876137,1.8594942,0.012109802,600252.06,1330.7098,0.48359784,0.029151391,1.0,0.0,0.0,0.0,0.0,0.0,0,NORMAL
0.0006477201,10.004161,0.13577946,-1.1054863,-0.005401301,677813.8,200.3197,0.0,0.07889348,0.0,0.0,1.0,0.0,0.0,0.0,0,NORMAL
0.027336579,10.119411,0.60207605,-0.5990416,-0.046636,357176.3,1685.655,0.63876706,0.21069036,1.0,0.0,0.0,0.0,0.0,0.0,0,NORMAL
0.16032699,9.772805,0.89336336,-0.2959596,-0.03929061,717713.7,1244.735,0.0,0.14395474,0.0,0.0,0.0,0.0,0.0,1.0,0,NORMAL
0.0052102515,9.803414,0.54453397,-1.3183087,0.026111254,247454.62,2200.5405,0.7111174,0.11734537,1.0,0.0,0.0,0.0,0.0,0.0,0,NORMAL
0.04099737,9.985915,0.5043577,0.7765276,-0.051246054,1.1667119e+06,432.28986,0.0,0.059385765,0.0,0.0,0.0,0.0,1.0,0.0,0,NORMAL
0.28712782,9.993001,0.096117154,-3.0646632,-0.71901953,218878.81,439.13412,0.0,0.06691921,0.0,1.0,0.0,0.0,0.0,0.0,1,UNDER_REPORTING_FRAUD
0.12936237,9.711547,1.0097907,0.9976627,0.06194502,924997.7,1091.6685,0.0,0.19482327,0.0,0.0,0.0,0.0,0.0,1.0,0,NORMAL
0.0801457,10.12195,0.66727203,0.215898,-0.032507036,470512.88,1418.1803,0.5858455,0.21376848,1.0,0.0,0.0,0.0,0.0,0.0,0,NORMAL
0.10049577,10.121417,1.855872,0.02348795,0.058584157,2.7757328e+06,668.60614,0.0,0.21312119,0.0,0.0,0.0,1.0,0.0,0.0,0,NORMAL
0.06581394,9.737418,0.5283325,-1.5208249,0.015759528,248943.58,2122.298,0.6844732,0.1737199,1.0,0.0,0.0,0.0,0.0,0.0,0,NORMAL
0.22201079,9.865764,1.5321592,-1.2713581,-0.014365974,1.9143409e+06,800.35864,0.0,0.06055745,0.0,0.0,0.0,1.0,0.0,0.0,0,NORMAL
0.02893002,10.039371,0.2275209,-0.8746372,-0.026686259,703412.1,323.4532,0.0,0.11755859,0.0,1.0,0.0,0.0,0.0,0.0,0,NORMAL
0.825294,9.9854355,0.008735297,-6.3036914,-0.98018086,134826.64,64.78911,0.0,0.058877192,0.0,0.0,0.0,0.0,1.0,0.0,1,IMPOSSIBLE_PRODUCTION_INTENSITY
0.084285155,10.104968,0.39674756,1.9457603,0.041630827,1.4715798e+06,269.60657,0.0,0.19332975,0.0,1.0,0.0,0.0,0.0,0.0,0,NORMAL
0.19683516,9.902553,0.8391219,-0.898636,0.06841917,862549.44,972.83923,0.0,0.02535042,0.0,0.0,0.0,0.0,0.0,1.0,0,NORMAL
0.10154679,10.077776,0.99019307,0.77991414,0.057890046,999116.7,991.06854,0.0,0.16131602,0.0,0.0,0.0,0.0,0.0,1.0,0,NORMAL
0.033223625,9.948162,0.5920125,-0.72483414,-0.053152144,331241.28,1787.2546,0.6124483,0.02013405,1.0,0.0,0.0,0.0,0.0,0.0,0,NORMAL
0.04178677,9.73232,0.26695976,-0.2173338,0.04867562,790151.06,337.85916,0.0,0.17792197,0.0,1.0,0.0,0.0,0.0,0.0,0,NORMAL
0.024818476,9.704964,0.3572319,-1.3252397,0.049565446,766376.9,466.13083,0.0,0.20010719,0.0,0.0,0.0,0.0,1.0,0.0,0,NORMAL
0.027813438,9.849925,0.30700237,0.45003194,0.009247432,903753.7,339.69693,0.0,0.0753206,0.0,1.0,0.0,0.0,0.0,0.0,0,NORMAL
0.24522993,9.963597,1.4333596,-1.6665548,0.05741564,1.94062e+06,738.6091,0.0,0.03600267,0.0,0.0,0.0,1.0,0.0,0.0,0,NORMAL
0.1453803,9.8814125,1.1068258,2.0758193,0.017020958,1.0779282e+06,1026.8085,0.0,0.04573952,0.0,0.0,0.0,0.0,0.0,1.0,0,NORMAL
1.190348,6.4257855,0.32716644,0.78609425,0.04590509,77348.42,4229.775,0.0,0.9699236,0.0,1.0,0.0,0.0,0.0,0.0,1,FUEL_COST_MISMATCH
0.014847063,9.90787,0.31717038,0.61949605,-0.029418373,1.00866594e+06,314.44543,0.0,0.020154154,0.0,1.0,0.0,0.0,0.0,0.0,0,NORMAL
0.11687842,10.028427,0.87704694,-0.47725105,-0.051961146,801531.0,1094.2146,0.0,0.10539558,0.0,0.0,0.0,0.0,0.0,1.0,0,NORMAL
0.008665456,9.952181,0.77789116,-1.5789697,-0.03798578,736211.06,1056.6144,0.0,0.024242187,0.0,0.0,0.0,0.0,0.0,1.0,0,NORMAL
0.011655311,9.739377,0.33297536,0.8829079,-0.00103012,924774.7,360.06107,0.0,0.17209928,0.0,1.0,0.0,0.0,0.0,0.0,0,NORMAL
0.04692685,9.794973,0.300701,0.3450108,-0.017449563,960424.1,313.09186,0.0,0.12476458,0.0,1.0,0.0,0.0,0.0,0.0,0,NORMAL
0.3485222,9.724133,1.6288414,-0.8846309,0.053607993,1.9409795e+06,839.1853,0.0,0.18462491,0.0,0.0,0.0,1.0,0.0,0.0,0,NORMAL
0.008940118,9.685853,0.12496571,-1.375823,0.024207598,470307.44,265.7107,0.0,0.21524943,0.0,0.0,1.0,0.0,0.0,0.0,0,NORMAL
0.12496573,9.747679,0.9925534,0.8061399,0.050244536,787125.25,1260.9854,0.0,0.1651974,0.0,0.0,0.0,0.0,0.0,1.0,0,NORMAL
0.10855135,10.0033,0.7914699,1.7683517,-0.02807523,740902.94,1068.2505,0.41156492,0.07796427,1.0,0.0,0.0,0.0,0.0,0.0,0,NORMAL
0.04484446,10.057637,0.1710846,-0.22287968,0.070340015,897816.0,190.55641,0.0,0.1381615,0.0,0.0,1.0,0.0,0.0,0.0,0,NORMAL
0.88359326,9.951846,0.01585992,-6.2019124,-0.9593678,401670.6,39.484894,0.0,0.02389939,0.0,0.0,0.0,0.0,1.0,0.0,1,IMPOSSIBLE_PRODUCTION_INTENSITY
0.021892246,9.932474,0.550113,-1.2485714,0.0039511835,251561.8,2186.7908,0.7302276,0.0042542876,1.0,0.0,0.0,0.0,0.0,0.0,0,NORMAL
0.046656687,9.971203,0.41397497,-0.51463574,-0.041663375,928552.56,445.82828,0.0,0.04391311,0.0,0.0,0.0,0.0,1.0,0.0,0,NORMAL
0.082613915,9.69735,0.99849004,0.8721016,0.031538628,915819.5,1090.2695,0.0,0.20617507,0.0,0.0,0.0,0.0,0.0,1.0,0,NORMAL
0.95499545,9.920677,0.022031115,-7.8495126,-0.96798,200297.89,109.99175,0.7721683,0.007523533,1.0,0.0,0.0,0.0,0.0,0.0,1,IMPOSSIBLE_PRODUCTION_INTENSITY
0.08801051,9.91355,0.15311281,-2.1147513,0.013469071,436002.53,351.17416,0.0,0.014571741,0.0,1.0,0.0,0.0,0.0,0.0,0,NORMAL
0.038984235,10.124229,0.66415197,0.17689767,-0.05088297,429009.9,1548.1041,0.56684935,0.21653773,1.0,0.0,0.0,0.0,0.0,0.0,0,NORMAL
0.018523097,9.726222,0.6484634,-0.019206613,0.043865245,362220.84,1790.2433,0.599296,0.18291949,1.0,0.0,0.0,0.0,0.0,0.0,0,NORMAL
0.04525671,9.85608,0.15262388,-0.6843862,0.027958445,679486.2,224.61661,0.0,0.06961147,0.0,0.0,1.0,0.0,0.0,0.0,0,NORMAL
0.15907699,9.756877,0.50015026,0.71642226,0.03282341,989860.5,505.2735,0.0,0.15748304,0.0,0.0,0.0,0.0,1.0,0.0,0,NORMAL
0.045063004,9.89657,0.26391405,-0.26809475,-0.043480832,789557.8,334.25552,0.0,0.03116473,0.0,1.0,0.0,0.0,0.0,0.0,0,NORMAL
0.31357393,9.751338,2.1167629,1.0670471,0.00049327576,2.6604118e+06,795.65234,0.0,0.16213681,0.0,0.0,0.0,1.0,0.0,0.0,0,NORMAL
0.30900937,9.735833,1.6307774,-0.8768871,-0.022827143,2.1209028e+06,768.9072,0.0,0.17502801,0.0,0.0,0.0,1.0,0.0,0.0,0,NORMAL
0.14241605,9.7031355,0.53141505,1.1630557,-0.028136697,1.0928405e+06,486.2695,0.0,0.20156798,0.0,0.0,0.0,0.0,1.0,0.0,0,NORMAL
0.22260864,10.107728,0.8976367,-0.2484784,-0.0348697,781115.1,1149.1733,0.0,0.19662748,0.0,0.0,0.0,0.0,0.0,1.0,0,NORMAL
0.13547659,9.910849,0.55122125,1.4459975,0.06745235,1.2546442e+06,439.34467,0.0,0.017231422,0.0,0.0,0.0,0.0,1.0,0.0,0,NORMAL
0.09114921,9.920171,0.6122818,-0.47147134,0.0363035,288366.16,2123.279,0.6903994,0.0080262,1.0,0.0,0.0,0.0,0.0,0.0,0,NORMAL
0.39197657,10.053723,2.1027524,1.0110056,0.024923207,2.9947638e+06,702.143,0.0,0.13371503,0.0,0.0,0.0,1.0,0.0,0.0,0,NORMAL
0.08872401,9.886591,0.48317802,-2.0852485,-0.02124349,234419.03,2061.1724,0.70680296,0.040784776,1.0,0.0,0.0,0.0,0.0,0.0,0,NORMAL
0.8677117,9.989046,0.012425249,-4.189265,-0.91793025,187569.12,66.243576,0.0,0.0627078,0.0,0.0,1.0,0.0,0.0,0.0,1,IMPOSSIBLE_PRODUCTION_INTENSITY
0.4877209,9.997769,0.24357124,-5.080296,-0.653635,322592.06,755.0441,0.8281351,0.07201915,1.0,0.0,0.0,0.0,0.0,0.0,1,UNREPORTED_PROCESS_EMISSIONS
0.018693825,9.744518,0.387014,-0.89978695,-0.020455824,849465.6,455.59702,0.0,0.16783147,0.0,0.0,0.0,0.0,1.0,0.0,0,NORMAL
0.034932945,9.917232,0.79337615,-1.4069163,-0.05544267,696648.0,1138.848,0.0,0.010937977,0.0,0.0,0.0,0.0,0.0,1.0,0,NORMAL
0.96098894,9.884238,0.019104816,-7.8860908,-0.9660383,307614.6,62.10634,0.7718571,0.043039348,1.0,0.0,0.0,0.0,0.0,0.0,1,IMPOSSIBLE_PRODUCTION_INTENSITY
0.02125081,10.0488615,0.4321796,-0.25457335,-0.05980125,1.1369378e+06,380.126,0.0,0.12821637,0.0,0.0,0.0,0.0,1.0,0.0,0,NORMAL
0.021010898,9.89913,0.292499,0.20831329,0.0480174,838204.6,348.95895,0.0,0.028681021,0.0,1.0,0.0,0.0,0.0,0.0,0,NORMAL
0.07863859,10.074736,0.36106133,-1.270534,0.05913592,926559.75,389.67953,0.0,0.15779078,0.0,0.0,0.0,0.0,1.0,0.0,0,NORMAL
0.82553715,10.015179,0.019227732,-10.00847,-0.9806444,351204.28,54.747997,0.0,0.09084632,0.0,0.0,0.0,0.0,0.0,1.0,1,IMPOSSIBLE_PRODUCTION_INTENSITY
0.017936138,9.783706,0.27592316,-0.06794618,-0.06373639,788897.0,349.75818,0.0,0.13457155,0.0,1.0,0.0,0.0,0.0,0.0,0,NORMAL
0.095080756,10.103368,0.6635267,0.16908212,0.018876057,546797.75,1213.4773,0.5020255,0.19142102,1.0,0.0,0.0,0.0,0.0,0.0,0,NORMAL
0.41284913,10.038494,1.9440876,0.37634888,-0.03674073,2.7723702e+06,701.23663,0.0,0.11657946,0.0,0.0,0.0,1.0,0.0,0.0,0,NORMAL
0.077688925,9.916032,0.62470424,-0.31619275,-0.03842923,354932.06,1760.067,0.6391907,0.012123952,1.0,0.0,0.0,0.0,0.0,0.0,0,NORMAL
0.08287682,9.773588,0.2493082,-2.8669846,-0.04205262,563570.06,442.37305,0.0,0.14328392,0.0,0.0,0.0,0.0,1.0,0.0,0,NORMAL
0.22470032,9.952207,1.9796996,0.51879627,-0.048307177,2.946312e+06,671.9246,0.0,0.024268864,0.0,0.0,0.0,1.0,0.0,0.0,0,NORMAL
0.007337406,10.1128645,1.9849541,0.5398142,-0.030630052,3.498242e+06,567.4148,0.0,0.20278944,0.0,0.0,0.0,1.0,0.0,0.0,0,NORMAL
0.087373264,9.933119,0.24328889,-0.6118417,-0.017066274,834537.2,291.52554,0.0,0.0049018674,0.0,1.0,0.0,0.0,0.0,0.0,0,NORMAL
0.032729138,10.015061,0.24049874,1.5124305,0.0075967154,1.2209181e+06,196.98189,0.0,0.09071808,0.0,0.0,1.0,0.0,0.0,0.0,0,NORMAL
0.5028636,9.862426,0.6820086,-4.6719465,-0.6379119,141811.05,4809.2773,0.8676613,0.06368779,0.0,0.0,0.0,1.0,0.0,0.0,1,UNREPORTED_PROCESS_EMISSIONS
0.33791223,9.937008,1.7489225,-0.4043086,0.067786925,2.5140232e+06,695.6668,0.0,0.008817645,0.0,0.0,0.0,1.0,0.0,0.0,0,NORMAL
0.10717021,9.710776,0.3654015,-1.2085325,0.021056805,835745.4,437.2163,0.0,0.1954436,0.0,0.0,0.0,0.0,1.0,0.0,0,NORMAL
0.12458524,9.719065,1.1046367,2.0514956,-0.034364305,887020.75,1245.3336,0.0,0.18874742,0.0,0.0,0.0,0.0,0.0,1.0,0,NORMAL
0.14715098,9.922321,2.1001387,1.0005505,-0.004345696,3.414493e+06,615.0661,0.0,0.0058905296,0.0,0.0,0.0,1.0,0.0,0.0,0,NORMAL
0.017016755,9.809195,0.44839948,-0.022864016,-0.0100639565,1.0481869e+06,427.78586,0.0,0.1122278,0.0,0.0,0.0,0.0,1.0,0.0,0,NORMAL
0.17589469,9.745344,0.41192818,-0.5438753,0.018519264,1.02856844e+06,400.48688,0.0,0.16714443,0.0,0.0,0.0,0.0,1.0,0.0,0,NORMAL
0.108334094,9.778196,0.48684356,0.52632916,0.050469857,1.0392347e+06,468.4636,0.0,0.13932727,0.0,0.0,0.0,0.0,1.0,0.0,0,NORMAL
0.27941525,9.915285,1.7842202,-0.26311815,0.045184225,2.4564335e+06,726.3458,0.0,0.0128609,0.0,0.0,0.0,1.0,0.0,0.0,0,NORMAL
0.020691143,9.774218,0.28407824,0.06796952,-0.0205565,851425.3,333.65024,0.0,0.14274466,0.0,1.0,0.0,0.0,0.0,0.0,0,NORMAL
0.028302455,10.039803,0.8391507,-0.8983154,0.011036908,792050.7,1059.466,0.0,0.118042015,0.0,0.0,0.0,0.0,0.0,1.0,0,NORMAL
0.3208475,10.108251,0.88999665,-0.33336705,-0.0028436256,757577.56,1174.7928,0.0,0.19725248,0.0,0.0,0.0,0.0,0.0,1.0,0,NORMAL
0.044096332,10.070401,0.7364156,1.0801822,0.05361494,651737.75,1129.9263,0.46669447,0.15278277,1.0,0.0,0.0,0.0,0.0,0.0,0,NORMAL
0.029036433,9.93885,0.62245643,2.4636283,0.03436785,1.6010476e+06,388.7807,0.0,0.010678926,0.0,0.0,0.0,0.0,1.0,0.0,0,NORMAL
0.5132132,9.889715,0.26123834,-4.85946,-0.65642184,576587.1,453.07693,0.7337066,0.037782963,1.0,0.0,0.0,0.0,0.0,0.0,1,UNREPORTED_PROCESS_EMISSIONS
0.06759196,9.818875,0.28238723,0.039786432,0.01276595,765386.1,368.9474,0.0,0.10359204,0.0,1.0,0.0,0.0,0.0,0.0,0,NORMAL
0.039568774,9.987295,0.11731293,-4.7526045,-0.7239676,188342.45,622.87036,0.0,0.06084804,0.0,0.0,0.0,0.0,1.0,0.0,1,UNDER_REPORTING_FRAUD
0.18986468,10.049315,2.10886,1.0354358,-0.04150858,3.3455995e+06,630.33844,0.0,0.12872857,0.0,0.0,0.0,1.0,0.0,0.0,0,NORMAL
0.04962434,9.999308,0.8230778,-1.0769016,-0.02225537,798462.3,1030.8286,0.0,0.07366949,0.0,0.0,0.0,0.0,0.0,1.0,0,NORMAL
0.21182624,9.929154,0.84046817,-0.88367736,-0.014198012,871833.1,964.0242,0.0,0.00092578126,0.0,0.0,0.0,0.0,0.0,1.0,0,NORMAL
0.07006866,9.900634,0.3097547,-2.0034754,-0.04373366,786218.6,393.9804,0.0,0.027219227,0.0,0.0,0.0,0.0,1.0,0.0,0,NORMAL
0.4825831,9.977995,0.07412916,-2.6467052,-0.64690775,133314.33,556.0479,0.0,0.05102763,0.0,0.0,1.0,0.0,0.0,0.0,1,UNDER_REPORTING_FRAUD
0.040051445,9.79569,0.25838855,-0.36018488,0.05313322,721080.8,358.33508,0.0,0.12413777,0.0,1.0,0.0,0.0,0.0,0.0,0,NORMAL
0.007636066,10.095019,0.21035586,0.75887746,-0.028754683,1.127159e+06,186.62483,0.0,0.18151514,0.0,0.0,1.0,0.0,0.0,0.0,0,NORMAL
0.008504824,10.104781,0.60893625,-0.51329017,-0.053566992,384612.84,1583.2448,0.6261475,0.19310585,1.0,0.0,0.0,0.0,0.0,0.0,0,NORMAL
0.08328083,10.025585,0.49417326,0.6310377,-0.04214204,1.2613586e+06,391.7786,0.0,0.10225791,0.0,0.0,0.0,0.0,1.0,0.0,0,NORMAL
0.041324377,9.918486,0.18324931,0.081230536,0.04947053,858466.8,213.46115,0.0,0.0096969325,0.0,0.0,1.0,0.0,0.0,0.0,0,NORMAL
0.16433164,10.022471,1.9675989,0.47039366,0.024799393,2.9431078e+06,668.5447,0.0,0.098830506,0.0,0.0,0.0,1.0,0.0,0.0,0,NORMAL
0.06811751,9.75629,0.6370989,-0.16126134,0.009326694,411362.25,1548.754,0.54532707,0.15797646,1.0,0.0,0.0,0.0,0.0,0.0,0,NORMAL
0.065869585,9.738553,1.0160223,1.0669026,0.036447518,837455.0,1213.2262,0.0,0.17278115,0.0,0.0,0.0,0.0,0.0,1.0,0,NORMAL
0.16775666,9.860814,0.09204951,-2.1987076,-0.43263766,263212.25,349.7159,0.0,0.06519588,0.0,0.0,1.0,0.0,0.0,0.0,1,UNDER_REPORTING_SUBTLE
0.19630824,9.748063,0.75647515,-1.8169228,-0.015304259,750846.9,1007.4959,0.0,0.16487604,0.0,0.0,0.0,0.0,0.0,1.0,0,NORMAL
0.006981101,9.776309,0.8164171,2.080188,-0.021407431,686503.7,1189.2393,0.445827,0.1409496,1.0,0.0,0.0,0.0,0.0,0.0,0,NORMAL
0.23327456,9.77287,1.5738839,-1.10446,0.022420317,2.3814365e+06,660.8969,0.0,0.14389929,0.0,0.0,0.0,1.0,0.0,0.0,0,NORMAL
0.7481401,9.867072,0.12032647,-6.6208363,-0.80196047,329148.8,365.5686,0.79120606,0.059327267,1.0,0.0,0.0,0.0,0.0,0.0,1,UNDER_REPORTING_FRAUD
0.26486295,9.795359,1.0170387,1.0781956,-0.028955292,762823.8,1333.255,0.0,0.124427594,0.0,0.0,0.0,0.0,0.0,1.0,0,NORMAL
0.15296736,10.008065,2.0007563,0.6030225,0.040473923,3.095971e+06,646.2452,0.0,0.08311366,0.0,0.0,0.0,1.0,0.0,0.0,0,NORMAL
0.007450175,9.727482,0.11266627,-1.6833014,-0.009018675,437448.78,257.55304,0.0,0.18188977,0.0,0.0,1.0,0.0,0.0,0.0,0,NORMAL
0.0030596002,10.052803,0.20222305,0.55556214,-0.006133388,1.0554459e+06,191.59964,0.0,0.13267255,0.0,0.0,1.0,0.0,0.0,0.0,0,NORMAL
0.005418231,9.685048,0.1533258,-0.66683865,-0.04203855,576448.8,265.98337,0.0,0.21588062,0.0,0.0,1.0,0.0,0.0,0.0,0,NORMAL
0.05739804,10.008453,1.8551589,0.020635521,-0.02230815,3.0275255e+06,612.76404,0.0,0.08353392,0.0,0.0,0.0,1.0,0.0,0.0,0,NORMAL
0.022922834,9.7958,0.1148108,-2.7531078,0.012290381,324215.25,354.11908,0.0,0.12404087,0.0,1.0,0.0,0.0,0.0,0.0,0,NORMAL
0.1325642,9.965859,0.20896517,-1.1838943,0.013739061,610749.6,342.1454,0.0,0.03834937,0.0,1.0,0.0,0.0,0.0,0.0,0,NORMAL
0.12868643,9.680952,1.0645648,1.6062578,0.04803419,1.00921506e+06,1054.8445,0.0,0.21908617,0.0,0.0,0.0,0.0,0.0,1.0,0,NORMAL
0.15312612,10.007905,0.92294353,0.032705367,0.043730583,946379.44,975.2362,0.0,0.082939886,0.0,0.0,0.0,0.0,0.0,1.0,0,NORMAL
19.074936,7.021235,1.0037469,0.9305102,0.03810091,27627.686,36331.195,0.0,0.94540644,0.0,0.0,0.0,0.0,0.0,1.0,1,FUEL_COST_MISMATCH
0.45309564,9.846423,2.2036002,1.4143949,-0.027119389,2.9957025e+06,735.58716,0.0,0.078553356,0.0,0.0,0.0,1.0,0.0,0.0,0,NORMAL
0.20254557,10.053582,2.0387642,0.7550538,-0.006213932,3.08099e+06,661.7238,0.0,0.13355564,0.0,0.0,0.0,1.0,0.0,0.0,0,NORMAL
0.03148784,10.027423,0.9366443,0.1849346,-0.010799091,899269.8,1041.5609,0.0,0.10428544,0.0,0.0,0.0,0.0,0.0,1.0,0,NORMAL
0.005029865,10.00602,0.09113164,-2.2216537,-0.05110175,454319.28,200.58942,0.0,0.08090072,0.0,0.0,1.0,0.0,0.0,0.0,0,NORMAL
0.025108136,9.993358,0.76965463,1.4956646,0.020338653,620062.2,1241.2539,0.4880414,0.067299545,1.0,0.0,0.0,0.0,0.0,0.0,0,NORMAL
0.02528625,10.0168295,0.28115708,0.019284265,0.036822487,953560.56,294.84973,0.0,0.092648245,0.0,1.0,0.0,0.0,0.0,0.0,0,NORMAL
0.15288186,10.053347,1.5687735,-1.1249015,0.06730715,2.4434928e+06,642.02094,0.0,0.1332882,0.0,0.0,0.0,1.0,0.0,0.0,0,NORMAL
21.537216,9.910093,1.1268609,-2.892545,-0.4331999,145061.55,7768.157,0.0,0.017973322,0.0,0.0,0.0,1.0,0.0,0.0,1,UNDER_REPORTING_SUBTLE
0.061973788,9.763256,0.50906044,-1.7617222,-0.010146656,233283.64,2182.1526,0.6884136,0.1520908,1.0,0.0,0.0,0.0,0.0,0.0,0,NORMAL
0.01754229,10.099376,0.72931486,0.9914237,0.008370394,529662.44,1376.9429,0.5439826,0.18667445,1.0,0.0,0.0,0.0,0.0,0.0,0,NORMAL
0.012305114,10.058765,0.9251468,0.057186045,0.011529721,921844.9,1003.582,0.0,0.13944636,0.0,0.0,0.0,0.0,0.0,1.0,0,NORMAL
0.0071602534,10.102713,0.26693287,-0.21778181,-0.050596878,885062.0,301.59793,0.0,0.19064024,0.0,1.0,0.0,0.0,0.0,0.0,0,NORMAL
0.035278335,9.801236,0.42788503,-0.3159235,-0.06273831,1.0303385e+06,415.2859,0.0,0.11926553,0.0,0.0,0.0,0.0,1.0,0.0,0,NORMAL
0.016090654,10.074855,0.11316152,-1.6709205,-0.05587703,594993.3,190.18956,0.0,0.15792882,0.0,0.0,1.0,0.0,0.0,0.0,0,NORMAL
0.049420655,9.912725,0.2839093,0.06515375,-0.010476142,834219.6,340.3292,0.0,0.015384337,0.0,1.0,0.0,0.0,0.0,0.0,0,NORMAL
0.050815336,9.884437,0.7921561,1.7769294,0.02616968,639848.1,1238.0378,0.48392174,0.042849753,1.0,0.0,0.0,0.0,0.0,0.0,0,NORMAL
0.030515093,9.773655,0.8213268,-1.096357,0.037047684,721892.4,1137.7415,0.0,0.14322704,0.0,0.0,0.0,0.0,0.0,1.0,0,NORMAL
0.093240924,9.959383,0.3388661,-1.5876042,0.057355534,858185.56,394.86346,0.0,0.03164577,0.0,0.0,0.0,0.0,1.0,0.0,0,NORMAL
0.08889518,9.822526,0.58120906,1.8743886,-0.024565982,1.3145274e+06,442.14297,0.0,0.10031269,0.0,0.0,0.0,0.0,1.0,0.0,0,NORMAL
0.03811391,10.122672,1.8149658,-0.14013615,-0.016251534,2.9868378e+06,607.65466,0.0,0.21464463,0.0,0.0,0.0,1.0,0.0,0.0,0,NORMAL
0.031589787,9.896526,0.21452373,0.8630716,0.041591685,992510.5,216.14253,0.0,0.031206459,0.0,0.0,1.0,0.0,0.0,0.0,0,NORMAL
0.03533649,9.806001,0.41095373,2.1825259,-0.026509002,1.2096981e+06,339.71597,0.0,0.11505888,0.0,1.0,0.0,0.0,0.0,0.0,0,NORMAL
0.032094754,9.747889,0.12872116,-1.2819391,-0.0021314053,519461.03,247.79755,0.0,0.16502182,0.0,0.0,1.0,0.0,0.0,0.0,0,NORMAL
0.030432925,9.903803,0.67456937,0.3071136,-0.0070338743,414620.6,1626.9558,0.5882372,0.024131097,1.0,0.0,0.0,0.0,0.0,0.0,0,NORMAL
0.050408702,9.811986,0.47667578,0.3810773,0.031169921,1.0043247e+06,474.6232,0.0,0.10974648,0.0,0.0,0.0,0.0,1.0,0.0,0,NORMAL
0.06800087,10.025043,0.67176676,0.27208138,-0.058977935,473736.4,1418.018,0.5444878,0.10165987,1.0,0.0,0.0,0.0,0.0,0.0,0,NORMAL
0.06357804,10.06851,0.7009093,0.63635886,-0.042939242,525888.06,1332.8109,0.5159768,0.150605,1.0,0.0,0.0,0.0,0.0,0.0,0,NORMAL
0.12329854,10.090308,1.0142279,1.0469644,-0.00017180548,1.03206325e+06,982.7188,0.0,0.17596246,0.0,0.0,0.0,0.0,0.0,1.0,0,NORMAL
0.024492268,9.843551,0.23779091,-0.70347315,0.05553831,752165.2,316.1419,0.0,0.08119617,0.0,1.0,0.0,0.0,0.0,0.0,0,NORMAL
0.3105608,9.904046,1.523358,-1.3065629,0.04248554,2.2401555e+06,680.0234,0.0,0.023894245,0.0,0.0,0.0,1.0,0.0,0.0,0,NORMAL
0.14531994,9.969945,0.45626935,0.08956109,0.040881194,997996.1,457.18552,0.0,0.04260042,0.0,0.0,0.0,0.0,1.0,0.0,0,NORMAL
0.8281488,10.014871,0.095870085,-3.0687811,-0.6591913,613506.8,156.26572,0.70581365,0.09051048,0.0,1.0,0.0,0.0,0.0,0.0,1,UNREPORTED_PROCESS_EMISSIONS
18.814598,6.376917,1.9886035,0.55441153,-0.039016362,63675.875,31230.094,0.0,0.97136045,0.0,0.0,0.0,1.0,0.0,0.0,1,FUEL_COST_MISMATCH
0.0028509614,9.688414,0.2911743,0.1862351,0.0111594675,795138.75,366.19308,0.0,0.213237,0.0,1.0,0.0,0.0,0.0,0.0,0,NORMAL
0.52024156,9.979729,1.1984158,-2.6063266,-0.03328892,1.5308041e+06,782.8668,0.0,0.052851945,0.0,0.0,0.0,1.0,0.0,0.0,0,NORMAL
0.013636414,9.838783,0.17914875,-0.021280935,0.04708663,764847.0,234.22823,0.0,0.08556641,0.0,0.0,1.0,0.0,0.0,0.0,0,NORMAL
0.035467055,9.851787,0.5665618,-1.042964,-0.042969752,251175.7,2255.6394,0.712419,0.073597275,1.0,0.0,0.0,0.0,0.0,0.0,0,NORMAL
0.03543411,9.809804,0.6164736,-0.4190743,-0.053350586,316755.2,1946.2146,0.61484414,0.11168683,1.0,0.0,0.0,0.0,0.0,0.0,0,NORMAL
0.023571268,9.8280525,0.20193782,-1.3010147,0.01590079,617485.06,327.03275,0.0,0.09532708,0.0,1.0,0.0,0.0,0.0,0.0,0,NORMAL
0.18711933,10.044109,0.45470005,0.06714282,0.019320736,1.02947156e+06,441.68295,0.0,0.122867756,0.0,0.0,0.0,0.0,1.0,0.0,0,NORMAL
0.3905328,9.931588,1.8607638,0.043054882,-0.029601056,2.8231805e+06,659.102,0.0,0.0033649963,0.0,0.0,0.0,1.0,0.0,0.0,0,NORMAL
0.29740456,10.049793,1.0237592,1.1528674,-0.00910708,867280.6,1180.4246,0.0,0.12926792,0.0,0.0,0.0,0.0,0.0,1.0,0,NORMAL
0.07262209,9.929581,0.58833146,1.9761357,-0.0017715931,1.3390979e+06,439.34915,0.0,0.0013530869,0.0,0.0,0.0,0.0,1.0,0.0,0,NORMAL
0.038061805,9.784474,0.18522874,0.13071494,-0.037714884,752590.06,246.12169,0.0,0.13390663,0.0,0.0,1.0,0.0,0.0,0.0,0,NORMAL
0.006167835,10.053273,0.3792226,-1.0110911,0.022773087,889164.56,426.49316,0.0,0.13320483,0.0,0.0,0.0,0.0,1.0,0.0,0,NORMAL
0.002693096,9.931312,0.3268076,0.7801135,-0.030529438,952246.8,343.19632,0.0,0.0030873667,0.0,1.0,0.0,0.0,0.0,0.0,0,NORMAL
0.865535,9.857402,0.014703106,-4.4215417,-0.96321416,332661.12,44.198456,0.0,0.06838053,0.0,1.0,0.0,0.0,0.0,0.0,1,IMPOSSIBLE_PRODUCTION_INTENSITY
0.27709556,9.9812565,1.8625144,0.05005721,0.013300955,2.580343e+06,721.8088,0.0,0.05446151,0.0,0.0,0.0,1.0,0.0,0.0,0,NORMAL
0.01810095,9.792506,0.8590484,2.613073,-0.0017905426,678359.94,1266.3608,0.4550479,0.12692168,1.0,0.0,0.0,0.0,0.0,0.0,0,NORMAL
0.017626313,10.067866,0.57766217,-0.90421134,-0.006550914,278949.8,2070.8462,0.6847809,0.14986414,1.0,0.0,0.0,0.0,0.0,0.0,0,NORMAL
0.13607378,10.023168,0.41418543,-0.51162916,0.020333692,1.109431e+06,373.33142,0.0,0.0995967,0.0,0.0,0.0,0.0,1.0,0.0,0,NORMAL
0.14303435,10.045964,0.47710648,0.3872301,0.0040699244,1.271533e+06,375.2215,0.0,0.12495246,0.0,0.0,0.0,0.0,1.0,0.0,0,NORMAL
0.06331402,10.063142,0.67267954,0.28349108,0.014112454,483839.12,1390.2959,0.5309372,0.1444436,1.0,0.0,0.0,0.0,0.0,0.0,0,NORMAL
0.1308817,9.760732,0.36827308,-1.1675106,-0.052324716,869106.9,423.7374,0.0,0.15422885,0.0,0.0,0.0,0.0,1.0,0.0,0,NORMAL
0.040966034,9.888108,0.2670649,-0.21558145,-0.05366646,833565.56,320.38858,0.0,0.039328888,0.0,1.0,0.0,0.0,0.0,0.0,0,NORMAL
0.07188097,9.6902685,0.4312857,-0.267343,-0.015016793,885323.9,487.1502,0.0,0.21177672,0.0,0.0,0.0,0.0,1.0,0.0,0,NORMAL
0.3825067,9.9203005,2.2069287,1.427709,-0.049790412,3.1362022e+06,703.6947,0.0,0.007897771,0.0,0.0,0.0,1.0,0.0,0.0,0,NORMAL
0.078267545,9.928316,0.30520415,0.4200622,0.07259985,1.02434375e+06,297.95093,0.0,8.7366614e-05,0.0,1.0,0.0,0.0,0.0,0.0,0,NORMAL
0.021898393,10.070567,0.16567014,-0.3582377,0.03663148,885305.9,187.13322,0.0,0.15297428,0.0,0.0,1.0,0.0,0.0,0.0,0,NORMAL
0.03376372,9.997493,0.69189525,0.5236844,-0.047736783,460310.25,1503.1064,0.5594117,0.07172266,1.0,0.0,0.0,0.0,0.0,0.0,0,NORMAL
0.10671132,9.774542,0.48126516,0.4466389,0.043007508,964303.4,499.0807,0.0,0.14246656,0.0,0.0,0.0,0.0,1.0,0.0,0,NORMAL
0.034579765,10.0428,0.6316803,-0.22899298,0.004621833,436705.12,1446.4688,0.5528658,0.121398345,1.0,0.0,0.0,0.0,0.0,0.0,0,NORMAL
0.30408573,9.9022455,1.9162165,0.2648648,-0.023169614,2.772309e+06,691.1987,0.0,0.025649676,0.0,0.0,0.0,1.0,0.0,0.0,0,NORMAL
0.066167556,10.011303,0.21217176,-1.1304518,-0.06399357,706333.7,300.3846,0.0,0.08662652,0.0,1.0,0.0,0.0,0.0,0.0,0,NORMAL
0.024902286,10.012801,0.8733907,-0.5178758,-0.0576417,819796.44,1065.3751,0.0,0.08825572,0.0,0.0,0.0,0.0,0.0,1.0,0,NORMAL
0.06591541,9.732684,0.58101594,-0.86228967,0.0016594474,268833.03,2161.2522,0.7040321,0.17762214,1.0,0.0,0.0,0.0,0.0,0.0,0,NORMAL
0.07733161,9.788856,0.23504354,-0.7492619,0.023266498,742626.5,316.50302,0.0,0.13010347,0.0,1.0,0.0,0.0,0.0,0.0,0,NORMAL
0.06631009,9.976054,0.2900731,0.16788213,-0.01956169,1.0017304e+06,289.57205,0.0,0.048989616,0.0,1.0,0.0,0.0,0.0,0.0,0,NORMAL
0.005280073,9.719609,0.13638493,-1.0903497,-0.00274022,531448.7,256.62863,0.0,0.18830535,0.0,0.0,1.0,0.0,0.0,0.0,0,NORMAL
0.10721039,9.777497,0.9513361,0.34817466,-0.033780694,769558.7,1236.21,0.0,0.13992845,0.0,0.0,0.0,0.0,0.0,1.0,0,NORMAL
0.10677267,9.720489,0.808238,-1.241786,-0.01402936,640565.75,1261.7566,0.0,0.18759127,0.0,0.0,0.0,0.0,0.0,1.0,0,NORMAL
0.066103525,10.101616,0.32730842,0.7884605,-0.033175442,1.1133335e+06,293.98953,0.0,0.18933555,0.0,1.0,0.0,0.0,0.0,0.0,0,NORMAL
0.033977933,9.762861,0.14166917,-0.95824707,-0.0052112597,583664.25,242.72374,0.0,0.15242521,0.0,0.0,1.0,0.0,0.0,0.0,0,NORMAL
0.04229654,10.044062,0.7105917,0.7573868,0.04402213,522476.84,1360.0443,0.53149915,0.12281412,1.0,0.0,0.0,0.0,0.0,0.0,0,NORMAL
0.18954352,9.7248335,0.50600755,0.80009663,-0.0068873046,1.2852605e+06,393.7004,0.0,0.18405317,0.0,0.0,0.0,0.0,1.0,0.0,0,NORMAL
0.12357815,10.01207,0.39848858,-0.7358667,-0.01044958,1.0528966e+06,378.46887,0.0,0.0874596,0.0,0.0,0.0,0.0,1.0,0.0,0,NORMAL
0.23533835,9.738937,2.1124177,1.0496664,-0.046231806,3.2713745e+06,645.72784,0.0,0.17246303,0.0,0.0,0.0,1.0,0.0,0.0,0,NORMAL
0.038985584,9.8674965,0.18826237,0.206554,0.052691374,816956.8,230.44351,0.0,0.058927685,0.0,0.0,1.0,0.0,0.0,0.0,0,NORMAL
0.34358203,10.125562,1.543139,-1.2274392,-0.03269448,2.3285188e+06,662.7127,0.0,0.21816015,0.0,0.0,0.0,1.0,0.0,0.0,0,NORMAL
0.2969184,9.818554,1.690352,-0.6385897,-0.02223624,2.4629438e+06,686.3137,0.0,0.103880145,0.0,0.0,0.0,1.0,0.0,0.0,0,NORMAL
0.038028665,9.88057,0.24155936,-0.6406668,0.00096130656,723019.8,334.09784,0.0,0.04654335,0.0,1.0,0.0,0.0,0.0,0.0,0,NORMAL
0.65626216,9.870804,0.019504795,-4.3415146,-0.9359824,128553.99,151.72453,0.0,0.055810023,0.0,1.0,0.0,0.0,0.0,0.0,1,IMPOSSIBLE_PRODUCTION_INTENSITY
0.13222113,9.900854,0.920778,0.008643902,0.04348995,789995.44,1165.5485,0.0,0.027004858,0.0,0.0,0.0,0.0,0.0,1.0,0,NORMAL
0.07272648,9.684932,0.38864475,1.8107158,-0.044584367,1.0706262e+06,363.00693,0.0,0.21597227,0.0,1.0,0.0,0.0,0.0,0.0,0,NORMAL
0.020810563,10.077083,0.62964284,-0.254461,0.007094163,370181.5,1700.903,0.6415645,0.16051152,1.0,0.0,0.0,0.0,0.0,0.0,0,NORMAL
0.003556458,10.037423,0.17660457,-0.08488384,0.03876221,908329.06,194.42798,0.0,0.11538424,0.0,0.0,1.0,0.0,0.0,0.0,0,NORMAL
0.0051922332,10.027557,0.24835104,1.7087332,0.048979037,1.2612589e+06,196.90727,0.0,0.104433976,0.0,0.0,1.0,0.0,0.0,0.0,0,NORMAL
0.053601798,9.793923,0.3714784,-1.1217208,0.042471197,857743.4,433.08807,0.0,0.12568322,0.0,0.0,0.0,0.0,1.0,0.0,0,NORMAL
0.10151672,9.776068,0.63426566,-0.1966765,-0.046468098,436219.2,1454.0067,0.52067965,0.14115739,1.0,0.0,0.0,0.0,0.0,0.0,0,NORMAL
0.04660684,10.122184,0.18119398,0.029848516,-0.036865525,1.02578856e+06,176.63873,0.0,0.21405211,0.0,0.0,1.0,0.0,0.0,0.0,0,NORMAL
0.13453309,9.85307,0.9807652,0.6751614,0.06397601,935562.3,1048.3163,0.0,0.072407104,0.0,0.0,0.0,0.0,0.0,1.0,0,NORMAL
0.07926903,9.7021,0.30851844,0.47529942,-0.01753868,827945.1,372.6315,0.0,0.20239468,0.0,1.0,0.0,0.0,0.0,0.0,0,NORMAL
0.10371712,9.859086,0.31223676,0.5372703,0.0341502,1.0317799e+06,302.61954,0.0,0.06681031,0.0,1.0,0.0,0.0,0.0,0.0,0,NORMAL
0.1202006,9.734848,0.42964366,-0.29080054,0.035501745,1.0243153e+06,419.44473,0.0,0.17584099,0.0,0.0,0.0,0.0,1.0,0.0,0,NORMAL
0.016904341,9.751622,0.10973125,-1.7566751,0.043983765,437322.28,250.91621,0.0,0.16189891,0.0,0.0,1.0,0.0,0.0,0.0,0,NORMAL
0.0070237867,9.865393,0.9468013,0.29778877,-0.027531227,868902.3,1089.6522,0.0,0.060905963,0.0,0.0,0.0,0.0,0.0,1.0,0,NORMAL
0.024187615,9.694407,0.7162295,0.8278587,-0.040592622,429827.06,1666.3203,0.53357863,0.20850676,1.0,0.0,0.0,0.0,0.0,0.0,0,NORMAL
0.023069607,10.045241,0.53076243,1.1537328,0.04342755,1.2746164e+06,416.40955,0.0,0.124139674,0.0,0.0,0.0,0.0,1.0,0.0,0,NORMAL
0.0029721097,9.996133,0.15269054,-0.6827195,0.016514307,751386.56,203.2117,0.0,0.07026601,0.0,0.0,1.0,0.0,0.0,0.0,0,NORMAL
0.10744317,9.848648,0.24560611,-0.573222,-0.05132384,785902.44,312.51477,0.0,0.076500095,0.0,1.0,0.0,0.0,0.0,0.0,0,NORMAL
0.06654637,9.778159,0.14402477,-0.8993584,0.015065763,610542.94,235.89622,0.0,0.13935861,0.0,0.0,1.0,0.0,0.0,0.0,0,NORMAL
0.10934931,10.117307,0.3497653,-1.4319037,-0.044366423,886975.25,394.3349,0.0,0.20814529,0.0,0.0,0.0,0.0,1.0,0.0,0,NORMAL
0.02766734,9.881964,0.77906424,1.6132832,-0.014350572,560796.6,1389.2101,0.47582355,0.04521332,1.0,0.0,0.0,0.0,0.0,0.0,0,NORMAL
0.81234795,9.967258,0.10722602,-6.7845902,-0.8464119,620197.56,172.8901,0.66152304,0.03980345,1.0,0.0,0.0,0.0,0.0,0.0,1,UNDER_REPORTING_FRAUD
0.07450616,9.737257,0.47030982,0.29013637,0.0065388097,1.0986119e+06,428.09464,0.0,0.173853,0.0,0.0,0.0,0.0,1.0,0.0,0,NORMAL
0.04915713,9.827644,0.18966265,-1.5055975,0.055391505,560402.44,338.4401,0.0,0.09569636,0.0,1.0,0.0,0.0,0.0,0.0,0,NORMAL
0.16113436,9.791859,0.8729222,-0.52308124,-0.053656414,835324.2,1045.0101,0.0,0.12748685,0.0,0.0,0.0,0.0,0.0,1.0,0,NORMAL
0.086297534,9.694281,0.9253871,0.059855644,-0.037888967,857419.6,1079.2698,0.0,0.20860709,0.0,0.0,0.0,0.0,0.0,1.0,0,NORMAL
0.13189682,10.0523,0.9020962,-0.19892895,-0.016288765,819583.9,1100.6759,0.0,0.13210289,0.0,0.0,0.0,0.0,0.0,1.0,0,NORMAL
0.8507666,9.908564,0.10377202,-6.827764,-0.8056686,631062.5,164.44016,0.54359764,0.019474467,1.0,0.0,0.0,0.0,0.0,0.0,1,EXTREME_YOY_COLLAPSE
0.11087916,10.097728,0.7280033,0.9750297,-0.0031284052,486603.72,1496.0908,0.5927888,0.18471952,1.0,0.0,0.0,0.0,0.0,0.0,0,NORMAL
0.042881276,9.695021,0.38719425,-0.8972121,0.02770586,819128.3,472.6906,0.0,0.20802177,0.0,0.0,0.0,0.0,1.0,0.0,0,NORMAL
0.00025728683,9.743833,0.15942584,-0.51434135,-0.01770413,627591.5,254.02805,0.0,0.16840178,0.0,0.0,1.0,0.0,0.0,0.0,0,NORMAL
0.046601776,9.846397,0.66027254,0.12840544,-0.012490316,452717.75,1458.4641,0.53171307,0.0785766,1.0,0.0,0.0,0.0,0.0,0.0,0,NORMAL
0.04492341,9.877236,0.16513182,-0.37169534,-0.006978712,718140.44,229.94363,0.0,0.049716845,0.0,0.0,1.0,0.0,0.0,0.0,0,NORMAL
0.18790741,9.948577,0.9232697,0.036329288,-0.022475068,945702.1,976.2796,0.0,0.020556973,0.0,0.0,0.0,0.0,0.0,1.0,0,NORMAL
0.1268049,9.811884,1.7132916,-0.5468313,0.052037686,2.4853428e+06,689.3583,0.0,0.10983765,0.0,0.0,0.0,1.0,0.0,0.0,0,NORMAL
0.0027089317,9.765061,1.8379956,-0.048017308,0.022705322,2.9936598e+06,613.96277,0.0,0.15055822,0.0,0.0,0.0,1.0,0.0,0.0,0,NORMAL
0.0047442922,10.029379,0.27632496,-0.061249707,0.047647193,893790.0,309.16095,0.0,0.10644722,0.0,1.0,0.0,0.0,0.0,0.0,0,NORMAL
0.027103843,9.725719,0.2364353,1.410847,-0.04528706,909577.0,259.93985,0.0,0.18333012,0.0,0.0,1.0,0.0,0.0,0.0,0,NORMAL
0.045582026,10.105127,0.22565024,-0.90581435,0.05975353,814931.6,276.89468,0.0,0.19351886,0.0,1.0,0.0,0.0,0.0,0.0,0,NORMAL
6.6410613,7.3072443,0.75,-1.8888681,0.03756988,70083.93,10701.456,0.0,0.92731404,0.0,0.0,0.0,0.0,0.0,1.0,1,FUEL_COST_MISMATCH
0.049806673,10.0288515,0.5846296,-0.8171196,0.006685377,314060.03,1861.5219,0.64000493,0.105864614,1.0,0.0,0.0,0.0,0.0,0.0,0,NORMAL
0.1478617,10.074253,1.965122,0.46048597,0.074308455,3.0974992e+06,634.4221,0.0,0.1572317,0.0,0.0,0.0,1.0,0.0,0.0,0,NORMAL
0.013322929,9.870381,2.0207512,0.6830021,-0.0649219,3.1425232e+06,643.03467,0.0,0.05620865,0.0,0.0,0.0,1.0,0.0,0.0,0,NORMAL
0.07687414,9.982714,0.46647918,0.2354137,0.0039132703,1.1206344e+06,416.2635,0.0,0.055998858,0.0,0.0,0.0,0.0,1.0,0.0,0,NORMAL
0.01055496,9.784807,0.20416687,0.6041566,0.05251483,837827.06,243.68617,0.0,0.13361776,0.0,0.0,1.0,0.0,0.0,0.0,0,NORMAL
0.69338346,9.856839,0.02322241,-4.2795553,-0.89383745,215415.72,107.802765,0.0,0.06890463,0.0,1.0,0.0,0.0,0.0,0.0,1,IMPOSSIBLE_PRODUCTION_INTENSITY
0.017202608,9.8660555,0.6563867,0.079832725,0.040284105,426542.88,1538.8528,0.59360856,0.060283154,1.0,0.0,0.0,0.0,0.0,0.0,0,NORMAL
0.024487043,10.106601,0.6218878,-0.35139778,0.0010342913,393060.53,1582.1681,0.6038874,0.19527954,1.0,0.0,0.0,0.0,0.0,0.0,0,NORMAL
0.016900465,9.749057,0.21334338,0.83356357,-0.012292424,851678.2,250.49767,0.0,0.16404592,0.0,0.0,1.0,0.0,0.0,0.0,0,NORMAL
0.039778586,10.06787,0.22960868,1.240186,0.031079788,1.2048259e+06,190.57417,0.0,0.1498688,0.0,0.0,1.0,0.0,0.0,0.0,0,NORMAL
0.009719744,9.806662,0.16992915,-0.25176522,-0.014930558,710387.06,239.20644,0.0,0.11447447,0.0,0.0,1.0,0.0,0.0,0.0,0,NORMAL
0.19750635,9.819316,0.8691999,-0.5644398,0.037923083,878932.75,988.9265,0.0,0.10319674,0.0,0.0,0.0,0.0,0.0,1.0,0,NORMAL
0.2296654,9.806474,1.1235977,2.2621717,0.054357342,904995.5,1241.5508,0.0,0.11464044,0.0,0.0,0.0,0.0,0.0,1.0,0,NORMAL
0.20291477,9.901655,0.96762437,0.5291535,-0.028136967,785743.8,1231.4757,0.0,0.026225038,0.0,0.0,0.0,0.0,0.0,1.0,0,NORMAL
0.30113387,10.035203,1.7975681,-0.20972691,-0.025291627,2.8660155e+06,627.2011,0.0,0.1129113,0.0,0.0,0.0,1.0,0.0,0.0,0,NORMAL
0.029027443,10.111296,0.25509563,1.8773438,-0.04079142,1.3953642e+06,182.81653,0.0,0.20090453,0.0,0.0,1.0,0.0,0.0,0.0,0,NORMAL
0.05125371,9.900646,0.7295906,0.99487036,0.0069544544,509931.88,1430.7609,0.56813,0.027206937,1.0,0.0,0.0,0.0,0.0,0.0,0,NORMAL
0.08323646,9.75726,0.6268481,-0.28939483,0.029322002,379386.56,1652.2675,0.5599885,0.15715958,1.0,0.0,0.0,0.0,0.0,0.0,0,NORMAL
0.11146782,9.840936,0.9586534,0.42947716,-0.030688884,894011.94,1072.3049,0.0,0.08359575,0.0,0.0,0.0,0.0,0.0,1.0,0,NORMAL
18.107199,6.2661586,1.0638677,1.5985119,-0.025061684,30131.969,35306.94,0.0,0.9743682,0.0,0.0,0.0,0.0,0.0,1.0,1,FUEL_COST_MISMATCH
0.03552586,9.845038,0.23924775,-0.67919284,-0.052533206,681379.06,351.12286,0.0,0.079827935,0.0,1.0,0.0,0.0,0.0,0.0,0,NORMAL
0.3048312,9.878929,2.0489233,0.7956897,-0.04720049,2.9663795e+06,690.7152,0.0,0.048106328,0.0,0.0,0.0,1.0,0.0,0.0,0,NORMAL
0.026841417,9.713223,0.16943315,-0.26416492,-0.011878171,647550.1,261.65256,0.0,0.19347246,0.0,0.0,1.0,0.0,0.0,0.0,0,NORMAL
0.06269595,10.063724,0.5419159,-1.3510342,0.049180053,255525.58,2120.789,0.7128008,0.14511023,1.0,0.0,0.0,0.0,0.0,0.0,0,NORMAL
0.07491724,10.090877,0.8908619,-0.32375294,0.005597278,885089.44,1006.52203,0.0,0.17663072,0.0,0.0,0.0,0.0,0.0,1.0,0,NORMAL
0.07973186,9.68379,0.71029013,0.7536176,0.03143145,461413.9,1539.3773,0.4939144,0.2168668,1.0,0.0,0.0,0.0,0.0,0.0,0,NORMAL
0.019463325,9.777225,0.19802178,0.4505332,-0.021558767,798656.5,247.94362,0.0,0.14016302,0.0,0.0,1.0,0.0,0.0,0.0,0,NORMAL
0.19163729,9.872907,0.9257015,0.0633491,-0.017155008,931814.75,993.43945,0.0,0.05382279,0.0,0.0,0.0,0.0,0.0,1.0,0,NORMAL
0.073669896,9.858963,0.95826125,0.4251201,-0.013747248,800536.3,1197.0242,0.0,0.066924825,0.0,0.0,0.0,0.0,0.0,1.0,0,NORMAL
0.82839745,9.9207,0.07732691,-2.5667634,-0.6602125,169430.53,456.39304,0.8738033,0.007501048,0.0,0.0,1.0,0.0,0.0,0.0,1,UNREPORTED_PROCESS_EMISSIONS
0.0028040884,9.841549,0.3158025,0.59669864,-0.048289686,932876.06,338.5257,0.0,0.08303325,0.0,1.0,0.0,0.0,0.0,0.0,0,NORMAL
0.090725586,10.126486,0.32207355,0.70121413,0.04332449,1.2008408e+06,268.20673,0.0,0.2192864,0.0,1.0,0.0,0.0,0.0,0.0,0,NORMAL
0.08547646,9.690107,0.24746728,-0.542203,0.036026753,673340.6,367.52173,0.0,0.21190348,0.0,1.0,0.0,0.0,0.0,0.0,0,NORMAL
0.025994204,9.970099,0.20373404,0.59333605,0.05132305,966888.56,210.71098,0.0,0.042761814,0.0,0.0,1.0,0.0,0.0,0.0,0,NORMAL
0.03171347,9.8832855,1.8715731,0.08629192,-0.056546,3.017512e+06,620.2372,0.0,0.043950934,0.0,0.0,0.0,1.0,0.0,0.0,0,NORMAL
0.052243732,10.060432,0.1286454,-1.283833,0.043039955,684242.6,188.0114,0.0,0.14134736,0.0,0.0,1.0,0.0,0.0,0.0,0,NORMAL
0.35777333,9.898365,1.6676702,-0.7293161,-0.026324121,2.2274038e+06,748.70593,0.0,0.02942359,0.0,0.0,0.0,1.0,0.0,0.0,0,NORMAL
0.003153521,9.959096,0.213389,0.83470386,-0.047293894,1.01557706e+06,210.11601,0.0,0.03135004,0.0,0.0,1.0,0.0,0.0,0.0,0,NORMAL
0.09128705,9.8944025,0.34059998,-1.5628349,0.049049508,841419.6,404.79208,0.0,0.0332621,0.0,0.0,0.0,0.0,1.0,0.0,0,NORMAL
0.009144335,9.9907255,0.21851975,0.9629695,0.060198914,1.0690504e+06,204.40549,0.0,0.064493805,0.0,0.0,1.0,0.0,0.0,0.0,0,NORMAL
0.036162186,10.062848,0.6305399,-0.243248,-0.0058495514,354815.66,1777.0914,0.6276208,0.14410852,1.0,0.0,0.0,0.0,0.0,0.0,0,NORMAL
11.824976,7.2636905,1.5088272,-1.3646858,-0.020366471,81948.445,18411.906,0.0,0.93041384,0.0,0.0,0.0,1.0,0.0,0.0,1,FUEL_COST_MISMATCH
0.013994635,9.901224,0.46422958,0.20327704,0.036713187,1.19072e+06,389.87305,0.0,0.026645008,0.0,0.0,0.0,0.0,1.0,0.0,0,NORMAL
0.08633482,9.792881,0.7866227,1.7077628,-0.03427598,587063.3,1339.9283,0.4271903,0.12659395,1.0,0.0,0.0,0.0,0.0,0.0,0,NORMAL
0.907581,9.9720125,0.042967446,-7.5878124,-0.9162242,264415.4,162.4998,0.8130429,0.04475867,1.0,0.0,0.0,0.0,0.0,0.0,1,EXTREME_YOY_COLLAPSE
0.045255356,9.915321,0.49962667,0.7089424,-0.032142874,1.2493219e+06,399.91827,0.0,0.012825743,0.0,0.0,0.0,0.0,1.0,0.0,0,NORMAL
0.056050945,9.783469,0.10852688,-1.7867837,-0.029792793,454290.97,238.8929,0.0,0.13477649,0.0,0.0,1.0,0.0,0.0,0.0,0,NORMAL
0.031053895,10.090771,0.16918187,-0.27044672,-0.05915463,918850.06,184.12347,0.0,0.17650619,0.0,0.0,1.0,0.0,0.0,0.0,0,NORMAL
0.19880547,10.111569,0.84182906,-0.8685565,0.039174046,752976.4,1118.002,0.0,0.20123361,0.0,0.0,0.0,0.0,0.0,1.0,0,NORMAL
0.0143230595,9.780805,0.4846663,-2.0666454,-0.003718524,208021.47,2329.886,0.74832445,0.13707888,1.0,0.0,0.0,0.0,0.0,0.0,0,NORMAL
0.0494796,9.9717455,0.29934955,0.32248706,-0.010159466,1.00600856e+06,297.56165,0.0,0.044479515,0.0,1.0,0.0,0.0,0.0,0.0,0,NORMAL
13.479411,6.830836,0.8731237,-0.5208421,-0.04079186,35362.25,24690.84,0.0,0.95487976,0.0,0.0,0.0,0.0,0.0,1.0,1,FUEL_COST_MISMATCH
3.8955927,9.966464,0.3886413,-5.8454113,-0.78096795,278380.34,1396.0803,0.0,0.038977325,0.0,0.0,0.0,1.0,0.0,0.0,1,UNDER_REPORTING_FRAUD
1.7339094,9.98622,0.5961816,-5.0152535,-0.69894665,639840.44,931.76605,0.0,0.05970865,0.0,0.0,0.0,1.0,0.0,0.0,1,UNDER_REPORTING_FRAUD
0.0116695855,9.764435,0.533374,1.1910405,-0.014524317,1.2765351e+06,417.82953,0.0,0.1510906,0.0,0.0,0.0,0.0,1.0,0.0,0,NORMAL
0.2943429,9.823649,1.9931483,0.5725909,-0.0702243,3.078628e+06,647.41455,0.0,0.09930155,0.0,0.0,0.0,1.0,0.0,0.0,0,NORMAL
0.109989524,9.795729,0.41184244,-0.5451001,0.0055491254,957858.9,429.96152,0.0,0.124103755,0.0,0.0,0.0,0.0,1.0,0.0,0,NORMAL
0.09157793,10.116184,0.5568426,1.5263016,0.019433364,1.4404749e+06,386.56876,0.0,0.2067901,0.0,0.0,0.0,0.0,1.0,0.0,0,NORMAL
0.038165417,9.904368,0.47757378,0.39390573,-0.02212209,1.1629462e+06,410.6585,0.0,0.023579173,0.0,0.0,0.0,0.0,1.0,0.0,0,NORMAL
0.0093528265,10.034819,0.9328012,0.14223364,0.030581892,879301.5,1060.8435,0.0,0.11248361,0.0,0.0,0.0,0.0,0.0,1.0,0,NORMAL
0.011385977,9.889129,0.4735814,0.33687255,0.009326701,1.1758565e+06,402.75443,0.0,0.03834718,0.0,0.0,0.0,0.0,1.0,0.0,0,NORMAL
0.0076849614,9.999768,0.40055403,-0.70636076,-0.0016652887,965269.7,414.96594,0.0,0.07416378,0.0,0.0,0.0,0.0,1.0,0.0,0,NORMAL
0.20705637,9.812677,1.2194172,-2.522321,0.053357948,1.5416898e+06,790.9615,0.0,0.109131,0.0,0.0,0.0,1.0,0.0,0.0,0,NORMAL
0.13406776,9.695749,0.3711506,1.5191516,-0.017323937,950609.5,390.4344,0.0,0.2074446,0.0,1.0,0.0,0.0,0.0,0.0,0,NORMAL
0.08989478,10.026234,0.9655865,0.5065107,0.0332403,941148.94,1025.9657,0.0,0.10297294,0.0,0.0,0.0,0.0,0.0,1.0,0,NORMAL
0.09634564,9.981828,0.24732794,-0.5445253,0.06615083,747649.0,330.80756,0.0,0.055063643,0.0,1.0,0.0,0.0,0.0,0.0,0,NORMAL
0.041909967,9.714141,0.35717103,1.2861624,0.024635134,1.0491486e+06,340.4389,0.0,0.19273238,0.0,1.0,0.0,0.0,0.0,0.0,0,NORMAL
0.3086393,9.866965,0.88135326,-0.42940363,-0.04251117,674020.94,1307.6052,0.0,0.059427306,0.0,0.0,0.0,0.0,0.0,1.0,0,NORMAL
0.049591914,10.04853,0.16434531,-0.3913577,-0.06411775,871072.75,188.67001,0.0,0.12784241,0.0,0.0,1.0,0.0,0.0,0.0,0,NORMAL
0.1311621,10.113552,0.35766298,-1.3190813,0.027562996,825523.4,433.256,0.0,0.20361671,0.0,0.0,0.0,0.0,1.0,0.0,0,NORMAL
0.006136511,9.767888,0.3453282,1.0887854,0.028195003,1.0846694e+06,318.37186,0.0,0.14815387,0.0,1.0,0.0,0.0,0.0,0.0,0,NORMAL
0.48119476,9.794768,1.9631411,0.4525624,0.050497677,2.475136e+06,793.1447,0.0,0.12494455,0.0,0.0,0.0,1.0,0.0,0.0,0,NORMAL
0.059832063,10.084031,0.4008997,-0.7014226,-0.030812781,1.0526214e+06,380.8584,0.0,0.16860318,0.0,0.0,0.0,0.0,1.0,0.0,0,NORMAL
0.10630239,9.861914,0.21255326,-1.1240937,0.046382897,681997.6,311.66275,0.0,0.0641673,0.0,1.0,0.0,0.0,0.0,0.0,0,NORMAL
0.0023062641,10.089003,0.92943835,0.10486923,-0.014941442,903613.0,1028.5801,0.0,0.17442806,0.0,0.0,0.0,0.0,0.0,1.0,0,NORMAL
0.1083205,10.115555,0.20774184,-1.2042826,-0.044162642,742754.56,279.6911,0.0,0.20603068,0.0,1.0,0.0,0.0,0.0,0.0,0,NORMAL
0.005329659,9.938749,0.75305593,1.2881833,0.04699673,615467.75,1223.5507,0.48163942,0.010576505,1.0,0.0,0.0,0.0,0.0,0.0,0,NORMAL
0.026895858,9.724094,0.27263185,-0.12280042,0.040860232,764250.94,356.7308,0.0,0.18465625,0.0,1.0,0.0,0.0,0.0,0.0,0,NORMAL
0.14583603,9.907101,0.45938107,0.1340136,0.015909337,1.1857206e+06,387.42776,0.0,0.020907585,0.0,0.0,0.0,0.0,1.0,0.0,0,NORMAL
0.8438154,9.990734,0.07077022,-2.7306767,-0.63293463,215471.58,328.44342,0.8689769,0.06450276,0.0,0.0,1.0,0.0,0.0,0.0,1,UNREPORTED_PROCESS_EMISSIONS
0.022650413,9.958066,0.16799837,-1.8666627,-0.01908636,557068.0,301.57608,0.0,0.03028811,0.0,1.0,0.0,0.0,0.0,0.0,0,NORMAL
0.04672388,9.997087,0.42892817,-0.30102172,0.023019925,1.01140794e+06,424.0902,0.0,0.071287155,0.0,0.0,0.0,0.0,1.0,0.0,0,NORMAL
0.1133604,10.038564,0.2746643,-0.088926665,0.042935554,980900.6,280.0124,0.0,0.116657205,0.0,1.0,0.0,0.0,0.0,0.0,0,NORMAL
0.093810685,9.929447,0.21151815,-1.1413451,0.021079661,599566.44,352.7852,0.0,0.00121875,0.0,1.0,0.0,0.0,0.0,0.0,0,NORMAL
0.025975116,10.066034,0.20362425,-1.2729081,0.007645548,674592.3,301.8479,0.0,0.14775914,0.0,1.0,0.0,0.0,0.0,0.0,0,NORMAL
0.016399385,9.989669,0.88790333,-0.35662585,-0.020965572,839690.7,1057.4171,0.0,0.063369855,0.0,0.0,0.0,0.0,0.0,1.0,0,NORMAL
0.14839414,9.913625,0.9559131,0.39903012,0.03248847,950407.44,1005.79297,0.0,0.014498857,0.0,0.0,0.0,0.0,0.0,1.0,0,NORMAL
2.3304362,9.876208,0.16652182,-1.8912716,-0.3566682,161598.5,1030.4664,0.0,0.050693408,0.0,1.0,0.0,0.0,0.0,0.0,1,UNDER_REPORTING_SUBTLE
1.3268839,9.941733,0.3977517,-5.80897,-0.8068734,412922.72,963.25946,0.0,0.013596227,0.0,0.0,0.0,1.0,0.0,0.0,1,EXTREME_YOY_COLLAPSE
0.21587059,9.992231,1.9927537,0.57101256,-0.024076743,3.2274862e+06,617.4321,0.0,0.066098325,0.0,0.0,0.0,1.0,0.0,0.0,0,NORMAL
0.16700679,9.888371,0.7947742,-1.3913828,-0.0282097,795930.0,998.54785,0.0,0.03907517,0.0,0.0,0.0,0.0,0.0,1.0,0,NORMAL
0.03764271,10.10117,0.27207753,-0.13203898,-0.0061691445,987221.25,275.59933,0.0,0.18880469,0.0,1.0,0.0,0.0,0.0,0.0,0,NORMAL
0.7622555,9.889865,0.019978618,-6.143075,-0.9706259,229807.31,86.93639,0.0,0.037639387,0.0,0.0,0.0,0.0,1.0,0.0,1,IMPOSSIBLE_PRODUCTION_INTENSITY
0.0019868996,9.821986,0.14610854,-0.8472656,0.026912015,624133.5,234.0982,0.0,0.10079878,0.0,0.0,1.0,0.0,0.0,0.0,0,NORMAL
0.041837323,9.926022,0.6030285,-0.58713645,-0.014199484,342398.88,1761.1871,0.57535946,0.002205221,1.0,0.0,0.0,0.0,0.0,0.0,0,NORMAL
0.0471475,10.041089,0.3624826,-1.2502304,-0.046219926,945712.6,383.29044,0.0,0.119480945,0.0,0.0,0.0,0.0,1.0,0.0,0,NORMAL
0.07501452,6.359383,0.1387216,-1.0319345,0.039286103,96697.695,1434.5906,0.0,0.971859,0.0,0.0,1.0,0.0,0.0,0.0,1,FUEL_COST_MISMATCH
0.12510547,9.694077,1.7732271,-0.30709046,-0.06335552,2.4003218e+06,738.74554,0.0,0.20876929,0.0,0.0,0.0,1.0,0.0,0.0,0,NORMAL
0.029743847,9.848911,0.21464491,0.86610097,-0.047850583,939786.75,228.39748,0.0,0.07625753,0.0,0.0,1.0,0.0,0.0,0.0,0,NORMAL
0.027284048,10.010172,0.15846235,-0.5384281,-0.013595037,791365.5,200.23915,0.0,0.085398056,0.0,0.0,1.0,0.0,0.0,0.0,0,NORMAL
0.020874534,9.693537,0.964883,0.4986946,-0.03140084,830876.8,1161.283,0.0,0.20919593,0.0,0.0,0.0,0.0,0.0,1.0,0,NORMAL
0.09758414,10.052415,0.81180704,2.022563,-0.0024579049,738309.3,1099.5487,0.4201274,0.13223314,1.0,0.0,0.0,0.0,0.0,0.0,0,NORMAL
0.0023159184,10.112729,0.18064003,0.016000096,0.07420393,980703.6,184.19434,0.0,0.20262738,0.0,0.0,1.0,0.0,0.0,0.0,0,NORMAL
0.07794511,9.6806135,0.94753104,0.3058969,0.03744366,852920.75,1110.925,0.0,0.21935084,0.0,0.0,0.0,0.0,0.0,1.0,0,NORMAL
0.11730399,10.065409,0.85185736,-0.7571322,0.030976528,858324.56,992.46533,0.0,0.14704116,0.0,0.0,0.0,0.0,0.0,1.0,0,NORMAL
3.838833,10.001717,0.7922543,-4.2309656,-0.6138817,501152.88,1580.8635,0.0,0.07625858,0.0,0.0,0.0,1.0,0.0,0.0,1,UNDER_REPORTING_FRAUD
0.059659265,9.713332,0.7855115,1.6938728,-0.01433703,593789.2,1322.8795,0.45810556,0.193385,1.0,0.0,0.0,0.0,0.0,0.0,0,NORMAL
0.04125208,9.899259,0.34198156,-1.5430983,-0.00071544317,762491.06,448.50565,0.0,0.028556213,0.0,0.0,0.0,0.0,1.0,0.0,0,NORMAL
0.07255986,10.120468,1.0029317,0.92145306,-0.012269027,1.0358388e+06,968.2314,0.0,0.21197075,0.0,0.0,0.0,0.0,0.0,1.0,0,NORMAL
0.01961276,9.899709,0.2024121,-1.2931103,-0.019794444,610861.56,331.3551,0.0,0.028118426,0.0,1.0,0.0,0.0,0.0,0.0,0,NORMAL
0.021535033,9.859333,0.38443452,1.7405465,-0.009977033,1.1450688e+06,335.73053,0.0,0.06657908,0.0,1.0,0.0,0.0,0.0,0.0,0,NORMAL
0.2381942,9.993769,0.077837825,-2.5539908,-0.60303205,326060.47,238.72206,0.0,0.06773838,0.0,0.0,1.0,0.0,0.0,0.0,1,UNDER_REPORTING_FRAUD
0.06216277,9.7328005,0.7879485,1.724335,0.016464397,551517.56,1428.6917,0.5237856,0.1775261,1.0,0.0,0.0,0.0,0.0,0.0,0,NORMAL
0.053160027,9.963073,0.23482597,-0.752888,-0.031619366,744405.5,315.45435,0.0,0.035459507,0.0,1.0,0.0,0.0,0.0,0.0,0,NORMAL
0.00742815,9.748491,0.23553924,-0.74100035,-0.027043244,680947.75,345.89914,0.0,0.16451849,0.0,1.0,0.0,0.0,0.0,0.0,0,NORMAL
0.030773873,10.086644,0.13070235,-1.2324108,-0.068855606,714659.06,182.8877,0.0,0.17166092,0.0,0.0,1.0,0.0,0.0,0.0,0,NORMAL
0.10029346,9.891761,0.5360064,-1.4249021,-0.26953262,392226.78,1366.5728,0.77594393,0.0358125,1.0,0.0,0.0,0.0,0.0,0.0,1,UNDER_REPORTING_SUBTLE
0.5040598,9.838019,1.4580797,-1.567675,0.0121214185,1.8620105e+06,783.06744,0.0,0.08626439,0.0,0.0,0.0,1.0,0.0,0.0,0,NORMAL
0.021547755,9.933745,0.92974013,0.10822228,-0.05173833,856966.4,1084.9203,0.0,0.0055317264,0.0,0.0,0.0,0.0,0.0,1.0,0,NORMAL
0.06539527,10.051414,0.462098,-2.3487453,0.026577074,208290.36,2218.528,0.7339434,0.13109946,1.0,0.0,0.0,0.0,0.0,0.0,0,NORMAL
0.027944203,9.862819,0.16671526,-0.3321103,-0.056184318,729906.1,228.40645,0.0,0.06332031,0.0,0.0,1.0,0.0,0.0,0.0,0,NORMAL
0.87072045,9.938943,0.06543926,-7.3069177,-0.9191557,486738.88,134.44429,0.74676394,0.010772103,1.0,0.0,0.0,0.0,0.0,0.0,1,EXTREME_YOY_COLLAPSE
0.035197213,9.801321,0.25709575,-0.3817311,-0.004395263,709334.4,362.4465,0.0,0.119191214,0.0,1.0,0.0,0.0,0.0,0.0,0,NORMAL
0.057465583,10.044674,0.64921904,-0.009761629,0.007857456,371515.16,1747.49,0.6304696,0.12350162,1.0,0.0,0.0,0.0,0.0,0.0,0,NORMAL
0.88164234,9.926574,0.009546306,-4.261236,-0.87857574,208078.7,45.878338,0.0,0.0016539635,0.0,0.0,1.0,0.0,0.0,0.0,1,EXTREME_YOY_COLLAPSE
0.3065937,9.717043,2.2694767,1.6778997,-0.0015251201,3.2733148e+06,693.3268,0.0,0.19038595,0.0,0.0,0.0,1.0,0.0,0.0,0,NORMAL
0.027159424,9.971348,0.34898806,-1.443007,0.037101388,822076.0,424.52045,0.0,0.04406393,0.0,0.0,0.0,0.0,1.0,0.0,0,NORMAL
0.3037427,9.994388,1.883662,0.1346473,0.00031348984,2.5021975e+06,752.80304,0.0,0.06839958,0.0,0.0,0.0,1.0,0.0,0.0,0,NORMAL
0.050747387,9.961128,0.283804,0.06339892,0.0063344194,966402.06,293.67075,0.0,0.03344817,0.0,1.0,0.0,0.0,0.0,0.0,0,NORMAL
0.7194015,9.938956,0.105384104,-1.8653511,-0.3476934,838581.2,125.669525,0.0,0.010785823,0.0,0.0,1.0,0.0,0.0,0.0,1,UNDER_REPORTING_SUBTLE
0.3581147,9.794345,1.2138456,-2.5446074,-0.02574739,1.4307094e+06,848.42224,0.0,0.1253145,0.0,0.0,0.0,1.0,0.0,0.0,0,NORMAL
0.07490898,9.718496,0.65481365,0.06017014,0.021731267,415486.38,1576.0172,0.5228844,0.18920799,1.0,0.0,0.0,0.0,0.0,0.0,0,NORMAL
0.04532275,9.763699,0.2227156,-0.95472413,-0.021474462,704492.7,316.13614,0.0,0.15171541,0.0,1.0,0.0,0.0,0.0,0.0,0,NORMAL
0.02271467,10.009525,0.17610198,-0.097448185,0.02285701,886738.4,198.59521,0.0,0.08469693,0.0,0.0,1.0,0.0,0.0,0.0,0,NORMAL
0.10044363,9.794559,0.225277,-0.91203475,0.0030562815,697525.5,322.966,0.0,0.12512767,0.0,1.0,0.0,0.0,0.0,0.0,0,NORMAL
0.014466276,9.972742,0.19655143,0.41377518,-0.008672174,955939.0,205.61086,0.0,0.045520484,0.0,0.0,1.0,0.0,0.0,0.0,0,NORMAL
0.113296725,9.778585,1.0278051,1.1978208,0.022132728,948639.44,1083.4519,0.0,0.13899161,0.0,0.0,0.0,0.0,0.0,1.0,0,NORMAL
0.0018458304,10.097301,0.67334247,0.2917775,-0.012348122,488886.1,1377.2992,0.5747288,0.1842135,1.0,0.0,0.0,0.0,0.0,0.0,0,NORMAL
0.041719604,9.949556,0.48791915,0.5416946,0.05645435,1.2239601e+06,398.63977,0.0,0.02155745,0.0,0.0,0.0,0.0,1.0,0.0,0,NORMAL
0.045761347,10.070681,0.6107531,-0.4905796,-0.019795949,391613.53,1559.5814,0.57720494,0.15310527,1.0,0.0,0.0,0.0,0.0,0.0,0,NORMAL
0.32939854,9.950022,1.6472689,-0.81092125,0.001172077,2.5169585e+06,654.468,0.0,0.022032965,0.0,0.0,0.0,1.0,0.0,0.0,0,NORMAL
0.11824025,9.880665,0.4537713,0.053875018,0.058947377,1.1241574e+06,403.6546,0.0,0.04645265,0.0,0.0,0.0,0.0,1.0,0.0,0,NORMAL
0.5593084,9.947415,0.28563383,-4.55452,-0.410851,679418.4,420.40933,0.58319914,0.019373,1.0,0.0,0.0,0.0,0.0,0.0,1,UNDER_REPORTING_SUBTLE
0.03825049,10.039793,0.9839906,0.71099865,-0.014756431,942434.4,1044.0946,0.0,0.11803077,0.0,0.0,0.0,0.0,0.0,1.0,0,NORMAL
0.08074461,9.944242,0.2492809,-0.51197654,0.031263743,765319.3,325.72144,0.0,0.016142625,0.0,1.0,0.0,0.0,0.0,0.0,0,NORMAL
0.07126566,9.925646,0.39952254,-0.7210961,-0.044759065,925314.5,431.76947,0.0,0.0025800306,0.0,0.0,0.0,0.0,1.0,0.0,0,NORMAL
0.6582439,10.003533,0.21131828,-5.483453,-0.6663403,648154.6,326.03067,0.6367951,0.07821646,1.0,0.0,0.0,0.0,0.0,0.0,1,UNREPORTED_PROCESS_EMISSIONS
0.51218766,9.992494,0.21202162,-5.4746614,-0.63730234,152170.12,1393.3196,0.90592694,0.066377476,1.0,0.0,0.0,0.0,0.0,0.0,1,UNREPORTED_PROCESS_EMISSIONS
1.3597325,6.0158224,0.38861266,1.8101809,0.02831292,86745.69,4479.907,0.0,0.98005545,0.0,1.0,0.0,0.0,0.0,0.0,1,FUEL_COST_MISMATCH
0.24661788,9.949143,2.4976308,2.5905128,-0.0009738606,3.8325865e+06,651.68286,0.0,0.02113529,0.0,0.0,0.0,1.0,0.0,0.0,0,NORMAL
0.12189971,9.881968,0.28529492,0.08824719,-0.040347636,927484.8,307.60062,0.0,0.04520951,0.0,1.0,0.0,0.0,0.0,0.0,0,NORMAL
0.03127485,9.817445,0.15318906,-0.6702569,0.048337195,660529.5,231.9186,0.0,0.104872905,0.0,0.0,1.0,0.0,0.0,0.0,0,NORMAL
0.04354442,10.101074,0.8079837,1.9747719,-0.025471175,657194.94,1229.443,0.46472028,0.18869112,1.0,0.0,0.0,0.0,0.0,0.0,0,NORMAL
0.032514356,9.884044,0.27664578,-0.055902764,0.01891038,848844.3,325.90872,0.0,0.043225706,0.0,1.0,0.0,0.0,0.0,0.0,0,NORMAL
0.030046422,10.094655,0.14910722,-0.7723005,0.006850948,812703.56,183.47061,0.0,0.18108489,0.0,0.0,1.0,0.0,0.0,0.0,0,NORMAL
0.06137769,9.735341,0.2878572,0.13095121,0.075391755,816848.3,352.39984,0.0,0.17543417,0.0,1.0,0.0,0.0,0.0,0.0,0,NORMAL
0.049361207,10.026952,0.26089722,-0.3183744,-0.03870569,916527.3,284.65845,0.0,0.10376591,0.0,1.0,0.0,0.0,0.0,0.0,0,NORMAL
0.03498506,9.763743,0.57135695,-0.98302555,0.024626154,288844.12,1978.0806,0.61526734,0.15167779,1.0,0.0,0.0,0.0,0.0,0.0,0,NORMAL
0.38880455,10.021263,2.04651,0.7860367,-0.020665217,2.811002e+06,728.03577,0.0,0.09750362,0.0,0.0,0.0,1.0,0.0,0.0,0,NORMAL
25.005695,9.903707,1.3002847,-2.1988523,-0.32182884,96644.164,13454.3545,0.0,0.024225704,0.0,0.0,0.0,1.0,0.0,0.0,1,UNDER_REPORTING_SUBTLE
0.8880563,9.885123,0.010653159,-7.3573575,-0.99484104,272092.03,39.15278,0.0,0.04219207,0.0,0.0,0.0,1.0,0.0,0.0,1,IMPOSSIBLE_PRODUCTION_INTENSITY
0.31309325,10.014628,0.3185584,-6.6826105,-0.6459601,151264.38,2105.9712,0.8490422,0.090246,0.0,0.0,0.0,0.0,0.0,1.0,1,UNREPORTED_PROCESS_EMISSIONS
0.09065159,9.712482,0.23072489,-0.8212383,0.021280926,695629.2,331.67798,0.0,0.19406964,0.0,1.0,0.0,0.0,0.0,0.0,0,NORMAL
0.1856573,9.747355,0.43165335,-0.26209107,-0.013836371,825431.4,522.94275,0.0,0.16546685,0.0,0.0,0.0,0.0,1.0,0.0,0,NORMAL
0.03655048,9.873093,0.22614926,1.1537026,-0.020965619,995583.7,227.15245,0.0,0.053646438,0.0,0.0,1.0,0.0,0.0,0.0,0,NORMAL
0.044847604,10.015836,0.21405825,0.8514348,0.008808238,1.0670212e+06,200.61293,0.0,0.09156288,0.0,0.0,1.0,0.0,0.0,0.0,0,NORMAL
0.0016024509,10.07658,0.1594993,-0.5125048,0.039311532,850414.9,187.5547,0.0,0.15992816,0.0,0.0,1.0,0.0,0.0,0.0,0,NORMAL
0.13946888,10.095715,0.33422878,-1.6538508,0.04527329,807258.25,414.02957,0.0,0.18233699,0.0,0.0,0.0,0.0,1.0,0.0,0,NORMAL
0.029342158,9.893364,0.15068954,-0.7327433,0.026668083,689058.94,218.6889,0.0,0.034266196,0.0,0.0,1.0,0.0,0.0,0.0,0,NORMAL
0.0043152864,10.11317,0.43095276,-0.2720994,0.0554787,1.1429314e+06,377.05917,0.0,0.20315653,0.0,0.0,0.0,0.0,1.0,0.0,0,NORMAL
0.07535244,9.994633,0.6922273,0.527835,0.0055743735,464962.34,1488.7815,0.5950184,0.06866139,1.0,0.0,0.0,0.0,0.0,0.0,0,NORMAL
0.022595458,9.697125,0.20220974,0.5552295,-0.03049062,766183.4,263.9182,0.0,0.20635265,0.0,0.0,1.0,0.0,0.0,0.0,0,NORMAL
0.030511387,10.056254,0.18836023,0.20900033,0.022919474,979507.8,192.3009,0.0,0.13658841,0.0,0.0,1.0,0.0,0.0,0.0,0,NORMAL
0.121642075,9.786362,1.0278301,1.198099,0.0027777127,858580.3,1197.1276,0.0,0.13226962,0.0,0.0,0.0,0.0,0.0,1.0,0,NORMAL
0.08195356,10.080999,0.77186054,1.5232381,0.03241098,670320.56,1151.4797,0.4620582,0.16506507,1.0,0.0,0.0,0.0,0.0,0.0,0,NORMAL
0.00321447,9.890141,0.6620638,0.15079564,-0.007377043,408751.84,1619.7207,0.590234,0.037373856,1.0,0.0,0.0,0.0,0.0,0.0,0,NORMAL
0.027705712,9.928959,0.9214013,0.015569884,-0.033149533,878264.44,1049.1161,0.0,0.0007299924,0.0,0.0,0.0,0.0,0.0,1.0,0,NORMAL
0.078618124,9.974716,0.26815817,-0.19736062,-0.011541655,840991.94,318.85938,0.0,0.047587365,0.0,1.0,0.0,0.0,0.0,0.0,0,NORMAL
0.037097897,9.799058,0.18804505,0.20112117,-0.03753762,801646.2,234.57364,0.0,0.121182166,0.0,0.0,1.0,0.0,0.0,0.0,0,NORMAL
0.039474078,10.01249,0.15273936,-0.6814992,0.043072224,780170.25,195.77698,0.0,0.087917395,0.0,0.0,1.0,0.0,0.0,0.0,0,NORMAL
0.31589112,9.830162,1.9710034,0.4840116,0.066180095,2.5420928e+06,775.34686,0.0,0.09341597,0.0,0.0,0.0,1.0,0.0,0.0,0,NORMAL
0.39670935,9.978337,0.030164532,-3.7457933,-0.85861194,179264.94,168.26788,0.0,0.051387385,0.0,0.0,1.0,0.0,0.0,0.0,1,EXTREME_YOY_COLLAPSE
0.16414545,9.709319,0.82519716,-1.0533533,0.03816493,655791.6,1258.3221,0.0,0.19661556,0.0,0.0,0.0,0.0,0.0,1.0,0,NORMAL
0.11044195,9.979775,2.1498275,1.1993049,0.0031259186,3.2841195e+06,654.6131,0.0,0.052900914,0.0,0.0,0.0,1.0,0.0,0.0,0,NORMAL
0.055773426,9.769986,0.35249192,-1.3929526,-0.038602095,822498.25,428.56253,0.0,0.14636442,0.0,0.0,0.0,0.0,1.0,0.0,0,NORMAL
0.032385346,10.02579,0.6595511,0.11938736,-0.006465638,479379.78,1375.8425,0.5372,0.10248428,1.0,0.0,0.0,0.0,0.0,0.0,0,NORMAL
0.27036062,9.909571,1.5355333,-1.2578617,0.054633513,2.3200072e+06,661.8658,0.0,0.01848609,0.0,0.0,0.0,1.0,0.0,0.0,0,NORMAL
0.12416888,10.040907,0.5172259,0.9603568,0.025405066,1.3271789e+06,389.7183,0.0,0.11927677,0.0,0.0,0.0,0.0,1.0,0.0,0,NORMAL
0.009156061,10.052902,0.28810358,0.1350574,-0.037244853,937690.56,307.24805,0.0,0.13278507,0.0,1.0,0.0,0.0,0.0,0.0,0,NORMAL
0.025111245,9.898898,0.10479927,-1.8799715,-0.04754243,480189.72,218.24557,0.0,0.028906059,0.0,0.0,1.0,0.0,0.0,0.0,0,NORMAL
0.19051534,10.027554,1.0315585,1.2395251,0.044972137,1.0831972e+06,952.32745,0.0,0.10443016,0.0,0.0,0.0,0.0,0.0,1.0,0,NORMAL
0.10119893,10.026036,0.5062715,0.803867,-0.038762234,1.2107119e+06,418.1602,0.0,0.10275562,0.0,0.0,0.0,0.0,1.0,0.0,0,NORMAL
0.055157505,10.051457,0.97245437,0.58281964,0.040583927,983842.7,988.4247,0.0,0.13114892,0.0,0.0,0.0,0.0,0.0,1.0,0,NORMAL
0.18907622,10.005663,0.9020466,-0.19947995,0.039764132,955273.4,944.2811,0.0,0.08051524,0.0,0.0,0.0,0.0,0.0,1.0,0,NORMAL
0.010547484,9.739178,0.14158313,-0.96039796,0.004494996,566659.75,249.85564,0.0,0.17226419,0.0,0.0,1.0,0.0,0.0,0.0,0,NORMAL
0.034882415,9.727241,0.44006783,-0.14188598,-0.04966793,1.009156e+06,436.07513,0.0,0.1820867,0.0,0.0,0.0,0.0,1.0,0.0,0,NORMAL
0.017528547,10.119127,0.403964,2.0660326,-0.03437007,1.3502764e+06,299.17136,0.0,0.21034709,0.0,1.0,0.0,0.0,0.0,0.0,0,NORMAL
0.09977909,9.91897,0.5670146,-1.0373046,0.039028782,250155.23,2266.651,0.7136074,0.009216177,1.0,0.0,0.0,0.0,0.0,0.0,0,NORMAL
0.034586202,9.772561,0.21657309,0.91430426,0.029554963,899032.75,240.89566,0.0,0.1441633,0.0,0.0,1.0,0.0,0.0,0.0,0,NORMAL
0.03205382,10.058913,0.5751209,-0.93597645,0.007553626,270561.97,2125.653,0.69840586,0.13961433,1.0,0.0,0.0,0.0,0.0,0.0,0,NORMAL
0.20414175,9.729804,2.1125338,1.0501308,-0.021181343,3.0606982e+06,690.213,0.0,0.1799878,0.0,0.0,0.0,1.0,0.0,0.0,0,NORMAL
0.077252075,9.682597,0.29363123,0.2271833,0.06484581,798785.0,367.59732,0.0,0.2178003,0.0,1.0,0.0,0.0,0.0,0.0,0,NORMAL
0.6668756,9.98523,0.08334378,-2.4163454,-0.31682804,113167.2,736.4659,0.0,0.05865987,0.0,0.0,1.0,0.0,0.0,0.0,1,UNDER_REPORTING_SUBTLE
0.058081076,10.052033,0.5706914,-0.99134475,0.057042807,326284.47,1749.0608,0.5945362,0.1318005,1.0,0.0,0.0,0.0,0.0,0.0,0,NORMAL
0.22249086,10.085327,1.821725,-0.11309959,-0.0038973792,2.7341938e+06,666.2751,0.0,0.17011833,0.0,0.0,0.0,1.0,0.0,0.0,0,NORMAL
0.06592005,9.701605,0.9979951,0.8666021,-0.033128053,809693.25,1232.5594,0.0,0.20278944,0.0,0.0,0.0,0.0,0.0,1.0,0,NORMAL
0.10476027,9.955767,1.6235359,-0.9058529,-0.04438419,2.347914e+06,691.48016,0.0,0.0279214,0.0,0.0,0.0,1.0,0.0,0.0,0,NORMAL
0.023730146,9.894541,0.1836548,-1.6057267,0.05586742,555098.9,330.85062,0.0,0.033129096,0.0,1.0,0.0,0.0,0.0,0.0,0,NORMAL
0.023925042,9.995502,0.30005512,0.33424637,0.05081665,1.0361536e+06,289.58554,0.0,0.06959184,0.0,1.0,0.0,0.0,0.0,0.0,0,NORMAL
0.021766089,10.0954275,0.6873649,0.46705544,-0.020097356,453223.56,1516.6134,0.54365075,0.18199743,1.0,0.0,0.0,0.0,0.0,0.0,0,NORMAL
0.016944412,9.93567,0.23679037,1.4197237,-0.017940877,1.12103e+06,211.22574,0.0,0.0074689407,0.0,0.0,1.0,0.0,0.0,0.0,0,NORMAL
0.07677121,9.816671,0.82749856,-1.0277826,-0.056825783,775147.6,1067.5366,0.0,0.10556507,0.0,0.0,0.0,0.0,0.0,1.0,0,NORMAL
0.02945166,10.047902,0.33083344,-1.702355,-0.0154707255,849428.4,389.47775,0.0,0.12713425,0.0,0.0,0.0,0.0,1.0,0.0,0,NORMAL
0.33991405,9.818276,0.8649126,-0.61207527,-0.038974784,644851.75,1341.258,0.0,0.10412862,0.0,0.0,0.0,0.0,0.0,1.0,0,NORMAL
0.014383796,9.723946,0.2192972,0.9824053,-0.049337596,862468.06,254.26704,0.0,0.18477744,0.0,0.0,1.0,0.0,0.0,0.0,0,NORMAL
0.09748413,9.707178,0.6503417,0.004271365,0.037109137,310181.12,2096.6514,0.65185153,0.19833346,1.0,0.0,0.0,0.0,0.0,0.0,0,NORMAL
0.12289237,10.023984,0.25176746,-0.4705346,-0.01550531,764887.94,329.156,0.0,0.100494094,0.0,1.0,0.0,0.0,0.0,0.0,0,NORMAL
0.16012323,9.879535,0.9315265,0.12807041,0.019830542,790098.7,1179.0002,0.0,0.047529727,0.0,0.0,0.0,0.0,0.0,1.0,0,NORMAL
0.567734,9.843347,1.3584858,-1.9660488,-0.023710905,1.5555365e+06,873.32306,0.0,0.08138329,0.0,0.0,0.0,1.0,0.0,0.0,0,NORMAL
0.8073993,9.975416,0.08722828,-2.3192353,-0.6330492,113442.64,768.91974,0.8694031,0.04832041,0.0,0.0,1.0,0.0,0.0,0.0,1,UNREPORTED_PROCESS_EMISSIONS
0.004880049,9.979356,0.21954544,-1.0075593,0.018265717,746215.2,294.21198,0.0,0.052458744,0.0,1.0,0.0,0.0,0.0,0.0,0,NORMAL
0.7639597,9.91109,0.1141456,-2.764194,-0.64724547,217823.02,524.0291,0.81423074,0.016993713,0.0,1.0,0.0,0.0,0.0,0.0,1,UNREPORTED_PROCESS_EMISSIONS
0.15635522,9.833816,0.85194224,-0.7561891,0.0358447,830383.1,1025.9629,0.0,0.090097755,0.0,0.0,0.0,0.0,0.0,1.0,0,NORMAL
0.37381324,9.79931,2.1172228,1.0688868,0.043334104,2.881869e+06,734.6701,0.0,0.12096113,0.0,0.0,0.0,1.0,0.0,0.0,0,NORMAL
0.026285311,9.942847,0.9526581,0.36286375,-0.004090716,875803.3,1087.7535,0.0,0.0147263715,0.0,0.0,0.0,0.0,0.0,1.0,0,NORMAL
0.044262905,9.900287,0.41843897,-0.45086524,0.04850334,973304.25,429.91592,0.0,0.02755707,0.0,0.0,0.0,0.0,1.0,0.0,0,NORMAL
0.037747644,9.698408,0.63009006,-0.24887088,0.019111952,368072.94,1711.862,0.5870801,0.20533428,1.0,0.0,0.0,0.0,0.0,0.0,0,NORMAL
0.66909635,9.957336,0.15504816,-4.213537,-0.6339733,245743.44,630.9351,0.84034085,0.029537156,0.0,0.0,0.0,0.0,1.0,0.0,1,UNREPORTED_PROCESS_EMISSIONS
0.053401675,9.966093,0.15603271,-0.59916747,0.009851666,768435.2,203.05255,0.0,0.03859175,0.0,0.0,1.0,0.0,0.0,0.0,0,NORMAL
0.08613789,9.971811,1.0553735,1.5041336,-0.039745554,943504.9,1118.5671,0.0,0.044547733,0.0,0.0,0.0,0.0,0.0,1.0,0,NORMAL
0.14883704,9.854648,1.8042096,-0.18316099,-0.031221127,2.8346028e+06,636.49475,0.0,0.070942834,0.0,0.0,0.0,1.0,0.0,0.0,0,NORMAL
